{"type":"FeatureCollection","features":[{"type":"Feature","properties":{"highway":"primary"},"geometry":{"type":"LineString","coordinates":[[78.1491,26.1544],[78.15126,26.15612],[78.15158,26.15635],[78.15213,26.15667],[78.15221,26.15672],[78.15546,26.1585],[78.15747,26.15951],[78.15868,26.16014],[78.15918,26.16042],[78.16157,26.16167],[78.16458,26.16325],[78.16731,26.16468],[78.16869,26.16541],[78.16987,26.16607],[78.17138,26.16688],[78.17215,26.16725],[78.17317,26.1677],[78.17358,26.16781],[78.17414,26.16782]]}},{"type":"Feature","properties":{},"geometry":{"type":"LineString","coordinates":[[78.18001,26.23364],[78.17881,26.23337],[78.17825,26.23326],[78.17648,26.23313]]}},{"type":"Feature","properties":{"highway":"primary"},"geometry":{"type":"LineString","coordinates":[[78.22621,26.28015],[78.22617,26.28008],[78.22524,26.27948],[78.22398,26.2787],[78.22372,26.27848],[78.22288,26.27756],[78.22137,26.2757],[78.21951,26.27345],[78.21882,26.27243],[78.2186,26.27193],[78.21791,26.27007],[78.21681,26.26705],[78.21667,26.26637],[78.21675,26.26537],[78.21687,26.26432],[78.21696,26.26351],[78.21707,26.26228],[78.21749,26.25838],[78.21752,26.25812],[78.21755,26.25748],[78.21751,26.25661],[78.21734,26.2557],[78.21686,26.25345],[78.21672,26.25289],[78.21653,26.25236]]}},{"type":"Feature","properties":{},"geometry":{"type":"LineString","coordinates":[[78.28105,26.23577],[78.28347,26.23642],[78.28509,26.23676],[78.28592,26.23698],[78.28656,26.23702],[78.28703,26.23693],[78.28844,26.23629],[78.28986,26.23569],[78.29027,26.23558],[78.29072,26.23558],[78.29197,26.23587],[78.29282,26.23612]]}},{"type":"Feature","properties":{},"geometry":{"type":"LineString","coordinates":[[78.19269,26.21389],[78.19335,26.21389],[78.19518,26.21401],[78.19779,26.21422],[78.19791,26.21423],[78.19882,26.21428],[78.19969,26.21435],[78.20208,26.21452],[78.203,26.2146]]}},{"type":"Feature","properties":{},"geometry":{"type":"LineString","coordinates":[[78.17166,26.2182],[78.17149,26.21872],[78.17148,26.21916],[78.17153,26.22005],[78.17168,26.22192],[78.17194,26.22273],[78.17196,26.22348],[78.17192,26.22405],[78.17179,26.22482],[78.17185,26.22518],[78.17214,26.22558],[78.17234,26.22594],[78.17264,26.22647],[78.17279,26.2271],[78.1726,26.22814],[78.17258,26.22847],[78.17254,26.22915],[78.17262,26.23026],[78.17276,26.2311],[78.17273,26.2317],[78.17265,26.23198],[78.17264,26.2326],[78.17273,26.23309],[78.17279,26.23365]]}},{"type":"Feature","properties":{"highway":"primary"},"geometry":{"type":"LineString","coordinates":[[78.24587,26.22702],[78.2438,26.2269],[78.24321,26.22688],[78.24153,26.22706],[78.23979,26.22729],[78.2378,26.22757],[78.23722,26.22762]]}},{"type":"Feature","properties":{},"geometry":{"type":"LineString","coordinates":[[78.18058,26.23427],[78.18092,26.23397]]}},{"type":"Feature","properties":{},"geometry":{"type":"LineString","coordinates":[[78.18596,26.24499],[78.18516,26.24391],[78.18439,26.24305],[78.18335,26.24216],[78.18284,26.24178],[78.18213,26.24117]]}},{"type":"Feature","properties":{"highway":"primary"},"geometry":{"type":"LineString","coordinates":[[78.19194,26.24175],[78.19403,26.24057],[78.19694,26.23893]]}},{"type":"Feature","properties":{},"geometry":{"type":"LineString","coordinates":[[78.18891,26.2485],[78.18942,26.24898]]}},{"type":"Feature","properties":{"highway":"primary"},"geometry":{"type":"LineString","coordinates":[[78.19823,26.23683],[78.19377,26.23681],[78.19301,26.23677],[78.19242,26.23663]]}},{"type":"Feature","properties":{},"geometry":{"type":"LineString","coordinates":[[78.19597,26.25824],[78.19582,26.25808],[78.19507,26.25707],[78.19544,26.25644],[78.19551,26.25612],[78.19586,26.25579],[78.19658,26.2553],[78.19666,26.2552],[78.19627,26.25488],[78.19596,26.25456],[78.19576,26.25427],[78.19434,26.2531],[78.19322,26.2522],[78.19247,26.25162],[78.19089,26.25035],[78.19012,26.24968],[78.18942,26.24898]]}},{"type":"Feature","properties":{"highway":"primary"},"geometry":{"type":"LineString","coordinates":[[78.19888,26.23783],[78.19906,26.23775],[78.19999,26.23721],[78.20029,26.23706],[78.20045,26.23699]]}},{"type":"Feature","properties":{"highway":"primary"},"geometry":{"type":"LineString","coordinates":[[78.19242,26.23663],[78.19223,26.23659],[78.19134,26.23642],[78.18925,26.23585],[78.18889,26.23575]]}},{"type":"Feature","properties":{},"geometry":{"type":"LineString","coordinates":[[78.17861,26.23864],[78.17884,26.23851],[78.1792,26.23854],[78.18037,26.23877],[78.18166,26.23892],[78.18192,26.2389],[78.18287,26.23848],[78.18434,26.23794],[78.18521,26.23761],[78.1867,26.237],[78.18836,26.23635],[78.18886,26.23612]]}},{"type":"Feature","properties":{"highway":"primary"},"geometry":{"type":"LineString","coordinates":[[78.17912,26.2488],[78.1834,26.24649],[78.18365,26.24634],[78.18452,26.24589],[78.18513,26.24552]]}},{"type":"Feature","properties":{},"geometry":{"type":"LineString","coordinates":[[78.14514,26.24325],[78.14533,26.24321],[78.14555,26.24294]]}},{"type":"Feature","properties":{"highway":"primary"},"geometry":{"type":"LineString","coordinates":[[78.16107,26.20091],[78.1611,26.201],[78.16131,26.20116],[78.1615,26.20116],[78.16163,26.2011],[78.16175,26.20092],[78.16173,26.20073],[78.16145,26.20054],[78.16123,26.20058],[78.16109,26.20072],[78.16107,26.20091]]}},{"type":"Feature","properties":{},"geometry":{"type":"LineString","coordinates":[[78.16329,26.19123],[78.16308,26.19121],[78.16268,26.19101],[78.16169,26.19036],[78.16027,26.18989],[78.15954,26.18975],[78.15916,26.18974],[78.15864,26.18985],[78.15559,26.19119]]}},{"type":"Feature","properties":{},"geometry":{"type":"LineString","coordinates":[[78.16173,26.20073],[78.16249,26.2003],[78.16256,26.20026],[78.16265,26.20021],[78.16448,26.19893],[78.16508,26.19862],[78.16561,26.1984]]}},{"type":"Feature","properties":{"highway":"primary"},"geometry":{"type":"LineString","coordinates":[[78.14638,26.20571],[78.14862,26.20565],[78.14979,26.20564],[78.15046,26.2056],[78.15156,26.20538],[78.1527,26.20512],[78.15311,26.20502],[78.15354,26.20485],[78.15413,26.20422],[78.15502,26.20318],[78.15511,26.2031]]}},{"type":"Feature","properties":{},"geometry":{"type":"LineString","coordinates":[[78.15151,26.22499],[78.15188,26.22429],[78.15235,26.22317],[78.15276,26.22186],[78.1528,26.22151],[78.1527,26.22114],[78.15229,26.2203],[78.15228,26.2202],[78.15232,26.22011],[78.15291,26.21951],[78.15367,26.21859],[78.15468,26.21759],[78.1557,26.21665],[78.15646,26.21604],[78.15697,26.21561],[78.15708,26.21546],[78.15704,26.21496],[78.15697,26.21453],[78.15678,26.21378],[78.15669,26.21331],[78.15666,26.21269],[78.15668,26.21193],[78.15672,26.21163],[78.15695,26.21089],[78.15721,26.21049],[78.1577,26.2101],[78.15849,26.20967],[78.15886,26.20954]]}},{"type":"Feature","properties":{"highway":"primary"},"geometry":{"type":"LineString","coordinates":[[78.17671,26.19902],[78.17715,26.19921],[78.17794,26.19974],[78.17873,26.20036],[78.17904,26.20063],[78.17955,26.20126],[78.17997,26.20196]]}},{"type":"Feature","properties":{},"geometry":{"type":"LineString","coordinates":[[78.16476,26.24156],[78.16487,26.24158],[78.1655,26.24202],[78.16561,26.24207],[78.16682,26.24237],[78.16725,26.24235],[78.16867,26.24188],[78.16928,26.24165],[78.16969,26.24136],[78.16996,26.24104],[78.17045,26.24067],[78.17087,26.24055],[78.17146,26.24051],[78.17181,26.24045],[78.17243,26.24024],[78.17284,26.24014],[78.17324,26.24003]]}},{"type":"Feature","properties":{},"geometry":{"type":"LineString","coordinates":[[78.18067,26.20442],[78.18073,26.2056],[78.18058,26.20589],[78.1802,26.20618],[78.17928,26.20682],[78.17769,26.20798],[78.17574,26.20942],[78.17522,26.20984]]}},{"type":"Feature","properties":{},"geometry":{"type":"LineString","coordinates":[[78.18542,26.21669],[78.18508,26.21676]]}},{"type":"Feature","properties":{"highway":"primary"},"geometry":{"type":"LineString","coordinates":[[78.18935,26.20316],[78.1887,26.20331]]}},{"type":"Feature","properties":{"highway":"primary"},"geometry":{"type":"LineString","coordinates":[[78.17362,26.19797],[78.17343,26.1978],[78.1733,26.19747]]}},{"type":"Feature","properties":{"highway":"primary"},"geometry":{"type":"LineString","coordinates":[[78.18024,26.20237],[78.18058,26.20366],[78.18075,26.2039],[78.18106,26.20413],[78.1814,26.20422],[78.18229,26.20427],[78.18238,26.20427],[78.18297,26.20426],[78.18615,26.20403]]}},{"type":"Feature","properties":{},"geometry":{"type":"LineString","coordinates":[[78.18959,26.20329],[78.18983,26.20323],[78.19253,26.20144],[78.19353,26.2008],[78.1955,26.19948],[78.19626,26.19899],[78.19634,26.19893]]}},{"type":"Feature","properties":{"highway":"primary"},"geometry":{"type":"LineString","coordinates":[[78.18225,26.21471],[78.18231,26.21464],[78.1822,26.21446],[78.18213,26.21446],[78.18209,26.21447],[78.18201,26.21457],[78.18225,26.21471]]}},{"type":"Feature","properties":{},"geometry":{"type":"LineString","coordinates":[[78.18275,26.21309],[78.18219,26.21308]]}},{"type":"Feature","properties":{"highway":"primary"},"geometry":{"type":"LineString","coordinates":[[78.18933,26.20334],[78.18934,26.20345],[78.18921,26.20437],[78.1892,26.20444],[78.1889,26.2066],[78.18882,26.20699],[78.18835,26.20833],[78.18807,26.20885],[78.18777,26.20924],[78.18758,26.2096],[78.18751,26.2099],[78.18732,26.21134],[78.18719,26.21261],[78.18717,26.21338]]}},{"type":"Feature","properties":{},"geometry":{"type":"LineString","coordinates":[[78.18219,26.21308],[78.18201,26.21303],[78.181,26.21303],[78.18057,26.21286]]}},{"type":"Feature","properties":{"highway":"primary"},"geometry":{"type":"LineString","coordinates":[[78.18727,26.21339],[78.18729,26.21262],[78.18734,26.21185],[78.1876,26.20991],[78.18772,26.20947],[78.18817,26.20889],[78.18844,26.20836],[78.1889,26.20703],[78.18898,26.20664],[78.1893,26.20446],[78.18931,26.20438],[78.18949,26.20338]]}},{"type":"Feature","properties":{"highway":"primary"},"geometry":{"type":"LineString","coordinates":[[78.18949,26.20338],[78.18959,26.20329],[78.18954,26.20315],[78.18935,26.20316],[78.18933,26.20334],[78.18949,26.20338]]}},{"type":"Feature","properties":{"highway":"primary"},"geometry":{"type":"LineString","coordinates":[[78.1887,26.20331],[78.18807,26.20346],[78.18693,26.20381],[78.18648,26.20393],[78.18638,26.20401]]}},{"type":"Feature","properties":{},"geometry":{"type":"LineString","coordinates":[[78.18408,26.20396],[78.18379,26.20399],[78.18263,26.20402],[78.18235,26.20414]]}},{"type":"Feature","properties":{},"geometry":{"type":"LineString","coordinates":[[78.1822,26.21446],[78.18222,26.21354],[78.1823,26.2133],[78.18238,26.21325]]}},{"type":"Feature","properties":{},"geometry":{"type":"LineString","coordinates":[[78.14904,26.199],[78.15011,26.1991],[78.1504,26.19917],[78.15085,26.19937],[78.1512,26.19958],[78.15168,26.19996],[78.15205,26.20028],[78.15286,26.20079],[78.1534,26.20103],[78.15445,26.20124],[78.15466,26.2013],[78.15515,26.20155],[78.15638,26.2024],[78.15662,26.20264]]}},{"type":"Feature","properties":{},"geometry":{"type":"LineString","coordinates":[[78.14855,26.20017],[78.14882,26.20025],[78.15052,26.2013],[78.15142,26.20172],[78.15201,26.20203],[78.15371,26.20251],[78.15408,26.20264],[78.15511,26.2031]]}},{"type":"Feature","properties":{"highway":"primary"},"geometry":{"type":"LineString","coordinates":[[78.16616,26.20821],[78.16614,26.20792]]}},{"type":"Feature","properties":{},"geometry":{"type":"LineString","coordinates":[[78.17011,26.21192],[78.17137,26.2115],[78.17201,26.21119]]}},{"type":"Feature","properties":{},"geometry":{"type":"LineString","coordinates":[[78.15015,26.17942],[78.1485,26.18004],[78.1476,26.18034],[78.14713,26.18067],[78.14677,26.18113],[78.14661,26.1815],[78.1466,26.18185],[78.14682,26.18311],[78.1472,26.18499],[78.14756,26.18616],[78.14764,26.18633],[78.14774,26.18654]]}},{"type":"Feature","properties":{},"geometry":{"type":"LineString","coordinates":[[78.14694,26.19048],[78.14696,26.191],[78.14711,26.19157],[78.14768,26.19207],[78.1486,26.1929],[78.14884,26.19299],[78.14916,26.19296],[78.14965,26.19285],[78.15005,26.19289],[78.15023,26.19309],[78.15037,26.1935],[78.15056,26.19392],[78.15093,26.19434]]}},{"type":"Feature","properties":{},"geometry":{"type":"LineString","coordinates":[[78.15885,26.20197],[78.15817,26.20083],[78.15766,26.19981],[78.15715,26.1986],[78.15683,26.19775],[78.15642,26.19673],[78.1562,26.19628],[78.15578,26.19519],[78.15496,26.19311],[78.15455,26.1921]]}},{"type":"Feature","properties":{},"geometry":{"type":"LineString","coordinates":[[78.17873,26.20036],[78.17878,26.20031],[78.17912,26.2],[78.17934,26.1999],[78.17975,26.1998],[78.18041,26.19969],[78.18122,26.19965],[78.18232,26.19966]]}},{"type":"Feature","properties":{},"geometry":{"type":"LineString","coordinates":[[78.19624,26.19885],[78.19617,26.1989],[78.19542,26.19942],[78.19345,26.20072],[78.19186,26.20179],[78.19136,26.2021],[78.18995,26.20304],[78.18954,26.20315]]}},{"type":"Feature","properties":{"highway":"primary"},"geometry":{"type":"LineString","coordinates":[[78.19224,26.21391],[78.1929,26.21432],[78.19366,26.21488],[78.19381,26.21513],[78.19397,26.21596],[78.19409,26.2163],[78.19423,26.21653],[78.19476,26.21709],[78.19542,26.2177],[78.19779,26.21998],[78.19851,26.22063],[78.19938,26.22157],[78.19963,26.22187],[78.19973,26.22211]]}},{"type":"Feature","properties":{},"geometry":{"type":"LineString","coordinates":[[78.19952,26.20552],[78.19964,26.20545],[78.2005,26.20497],[78.20368,26.20305],[78.2042,26.20277],[78.20578,26.20202],[78.20778,26.20125],[78.20861,26.20104],[78.20944,26.20102],[78.21162,26.20112]]}},{"type":"Feature","properties":{},"geometry":{"type":"LineString","coordinates":[[78.22248,26.20042],[78.22228,26.20045],[78.21943,26.20061],[78.21682,26.20076],[78.21246,26.20103],[78.21187,26.20104],[78.20945,26.20094],[78.2086,26.20096],[78.2078,26.20115],[78.20575,26.20194],[78.20388,26.20282],[78.20119,26.20444],[78.19959,26.20534],[78.19947,26.20541]]}},{"type":"Feature","properties":{},"geometry":{"type":"LineString","coordinates":[[78.20861,26.20104],[78.2086,26.20096]]}},{"type":"Feature","properties":{},"geometry":{"type":"LineString","coordinates":[[78.22269,26.22357],[78.22267,26.22365],[78.22318,26.22752],[78.22353,26.23018]]}},{"type":"Feature","properties":{},"geometry":{"type":"LineString","coordinates":[[78.19947,26.20541],[78.19905,26.20566],[78.19851,26.20604],[78.19825,26.20613],[78.19769,26.20609],[78.19729,26.20596],[78.19678,26.20562],[78.19649,26.20553],[78.19505,26.20529],[78.19323,26.20493]]}},{"type":"Feature","properties":{},"geometry":{"type":"LineString","coordinates":[[78.22471,26.22285],[78.22478,26.2233],[78.22482,26.22405],[78.2249,26.22472],[78.22522,26.22691],[78.22524,26.22714],[78.22552,26.22913],[78.22564,26.23011]]}},{"type":"Feature","properties":{},"geometry":{"type":"LineString","coordinates":[[78.22245,26.20151],[78.22257,26.20109]]}},{"type":"Feature","properties":{},"geometry":{"type":"LineString","coordinates":[[78.22203,26.21849],[78.222,26.21653],[78.22201,26.21578]]}},{"type":"Feature","properties":{},"geometry":{"type":"LineString","coordinates":[[78.2221,26.20444],[78.22211,26.2045],[78.22208,26.2049],[78.22205,26.20541],[78.22204,26.20643],[78.22207,26.20682],[78.22204,26.20792],[78.22203,26.20973],[78.22201,26.21311],[78.22201,26.21578]]}},{"type":"Feature","properties":{},"geometry":{"type":"LineString","coordinates":[[78.20076,26.20989],[78.20068,26.20986],[78.2004,26.20973],[78.19993,26.20962],[78.19838,26.20965],[78.19761,26.20971],[78.19692,26.20985],[78.19576,26.21004],[78.19557,26.21003],[78.19363,26.20955],[78.18877,26.20847],[78.18844,26.20836],[78.18835,26.20833]]}},{"type":"Feature","properties":{},"geometry":{"type":"LineString","coordinates":[[78.22212,26.21854],[78.22294,26.21858]]}},{"type":"Feature","properties":{},"geometry":{"type":"LineString","coordinates":[[78.22194,26.21879],[78.22205,26.21879],[78.22212,26.21874],[78.22212,26.21854],[78.22203,26.21849],[78.22193,26.2185],[78.22189,26.21852],[78.22182,26.21861],[78.22194,26.21879]]}},{"type":"Feature","properties":{},"geometry":{"type":"LineString","coordinates":[[78.1892,26.20444],[78.1893,26.20446],[78.19195,26.20478],[78.19288,26.20495],[78.19452,26.2053],[78.196,26.20553],[78.19661,26.20566],[78.19697,26.20591],[78.19746,26.20611],[78.19792,26.2062],[78.19826,26.20621],[78.19856,26.20611],[78.19952,26.20552]]}},{"type":"Feature","properties":{},"geometry":{"type":"LineString","coordinates":[[78.24497,26.21031],[78.24493,26.20974],[78.24473,26.20945],[78.24267,26.20857],[78.24115,26.20794],[78.24003,26.20746],[78.23788,26.20658],[78.23634,26.20592],[78.23612,26.20583],[78.23492,26.20537],[78.23417,26.20504],[78.23245,26.20437],[78.23141,26.20389],[78.23004,26.2033],[78.22909,26.20295],[78.22792,26.20277],[78.2266,26.20263],[78.22544,26.20294],[78.22434,26.20311],[78.22419,26.20316],[78.2224,26.20463],[78.22208,26.2049]]}},{"type":"Feature","properties":{"highway":"primary"},"geometry":{"type":"LineString","coordinates":[[78.17298,26.21173],[78.17239,26.21175]]}},{"type":"Feature","properties":{},"geometry":{"type":"LineString","coordinates":[[78.16046,26.21606],[78.16043,26.21613],[78.16068,26.21734],[78.16072,26.21789],[78.16053,26.22],[78.16053,26.22088],[78.16054,26.22204],[78.16068,26.22293],[78.16098,26.22397],[78.1611,26.22452],[78.16133,26.22525],[78.16159,26.22593],[78.16197,26.22676],[78.16244,26.2276],[78.16266,26.22791]]}},{"type":"Feature","properties":{"highway":"primary"},"geometry":{"type":"LineString","coordinates":[[78.17239,26.21175],[78.17157,26.21181],[78.17062,26.21194],[78.17016,26.21196]]}},{"type":"Feature","properties":{},"geometry":{"type":"LineString","coordinates":[[78.15841,26.22746],[78.1581,26.22745],[78.15732,26.22653],[78.15654,26.22578],[78.15638,26.22559],[78.15542,26.22464],[78.15415,26.22315],[78.15383,26.22279],[78.1528,26.22151]]}},{"type":"Feature","properties":{},"geometry":{"type":"LineString","coordinates":[[78.21596,26.22314],[78.21639,26.22293],[78.21706,26.22241],[78.2173,26.2223],[78.21784,26.22219],[78.21982,26.22233],[78.2203,26.22252]]}},{"type":"Feature","properties":{"highway":"primary"},"geometry":{"type":"LineString","coordinates":[[78.17449,26.16774],[78.17449,26.16782],[78.17457,26.16788],[78.17471,26.16782],[78.17468,26.16772],[78.17455,26.16769],[78.17449,26.16774]]}},{"type":"Feature","properties":{"highway":"primary"},"geometry":{"type":"LineString","coordinates":[[78.17414,26.16782],[78.17449,26.16782]]}},{"type":"Feature","properties":{"highway":"primary"},"geometry":{"type":"LineString","coordinates":[[78.17449,26.16774],[78.17431,26.16774]]}},{"type":"Feature","properties":{"highway":"primary"},"geometry":{"type":"LineString","coordinates":[[78.17457,26.16788],[78.1747,26.16847],[78.17483,26.16922],[78.17491,26.17021],[78.17488,26.17087],[78.17475,26.17158],[78.17414,26.1733],[78.17401,26.1736],[78.17375,26.17449],[78.17323,26.17716],[78.17318,26.17751],[78.17315,26.17799],[78.17317,26.17944],[78.17299,26.18309],[78.17305,26.18382],[78.17318,26.18429],[78.17334,26.18473],[78.17381,26.18571],[78.17419,26.1868],[78.1743,26.18724],[78.17433,26.18768],[78.17427,26.18859],[78.17414,26.18918],[78.17296,26.19286],[78.17276,26.19354]]}},{"type":"Feature","properties":{"highway":"primary"},"geometry":{"type":"LineString","coordinates":[[78.17288,26.19354],[78.17304,26.19288],[78.17421,26.1892],[78.17434,26.1886],[78.17441,26.18768],[78.17437,26.18724],[78.17427,26.18678],[78.17388,26.18568],[78.17341,26.18471],[78.17325,26.18427],[78.17313,26.1838],[78.17306,26.18309],[78.17323,26.1802],[78.17324,26.17943],[78.17323,26.17808],[78.17327,26.17747],[78.17381,26.17453],[78.17395,26.17397],[78.17476,26.17179],[78.17487,26.17134],[78.17498,26.17066],[78.17497,26.16998],[78.1749,26.16922],[78.17476,26.16828],[78.17471,26.16782]]}},{"type":"Feature","properties":{"highway":"primary"},"geometry":{"type":"LineString","coordinates":[[78.14439,26.24747],[78.14454,26.24711],[78.14468,26.24641],[78.14514,26.24325],[78.14538,26.24184],[78.14547,26.24098],[78.14571,26.23938],[78.14584,26.23869],[78.14608,26.23815],[78.1468,26.23696],[78.14696,26.23651],[78.14728,26.23543],[78.14732,26.23529],[78.14794,26.23326],[78.14827,26.23227],[78.14835,26.23194],[78.14846,26.23139],[78.14871,26.22968],[78.14879,26.22933],[78.14893,26.22904],[78.1493,26.22856],[78.15051,26.22725],[78.15091,26.22693],[78.15126,26.22671],[78.15152,26.22543],[78.15151,26.22499],[78.1513,26.22443],[78.15107,26.22413],[78.15082,26.22394],[78.14999,26.22319],[78.1492,26.2226],[78.14905,26.22244],[78.14891,26.22207],[78.14859,26.22057],[78.14836,26.21961],[78.14829,26.21919],[78.14813,26.21641],[78.14813,26.21549],[78.14802,26.21491],[78.14788,26.21449],[78.14763,26.21412],[78.14727,26.21381],[78.14655,26.21345],[78.14623,26.21308],[78.14591,26.21265],[78.1453,26.21204],[78.14506,26.21171],[78.14438,26.21083],[78.14425,26.21062],[78.14331,26.20961],[78.14287,26.2091]]}},{"type":"Feature","properties":{"highway":"primary"},"geometry":{"type":"LineString","coordinates":[[78.18011,26.20191],[78.17952,26.20104],[78.17927,26.20073],[78.17878,26.20031],[78.17799,26.19969],[78.17721,26.19915]]}},{"type":"Feature","properties":{"highway":"primary"},"geometry":{"type":"LineString","coordinates":[[78.17369,26.19826],[78.17396,26.19822],[78.17441,26.19828],[78.17496,26.19843],[78.1761,26.19879],[78.17671,26.19902]]}},{"type":"Feature","properties":{},"geometry":{"type":"LineString","coordinates":[[78.16594,26.19803],[78.16583,26.19826],[78.16588,26.19838],[78.16611,26.19847],[78.16626,26.19842],[78.16636,26.19828],[78.16628,26.19805],[78.16611,26.19799],[78.16594,26.19803]]}},{"type":"Feature","properties":{},"geometry":{"type":"LineString","coordinates":[[78.17201,26.21119],[78.1725,26.2109]]}},{"type":"Feature","properties":{},"geometry":{"type":"LineString","coordinates":[[78.15959,26.19512],[78.16027,26.19629],[78.16071,26.19719],[78.16181,26.19923],[78.16205,26.19964],[78.16249,26.2003]]}},{"type":"Feature","properties":{},"geometry":{"type":"LineString","coordinates":[[78.1725,26.2109],[78.17296,26.21074],[78.17327,26.21068],[78.17415,26.21044],[78.17503,26.21014],[78.17543,26.21002],[78.17596,26.20987]]}},{"type":"Feature","properties":{},"geometry":{"type":"LineString","coordinates":[[78.24595,26.22707],[78.24603,26.22795],[78.24609,26.22893],[78.24608,26.22914],[78.24618,26.23033],[78.24633,26.2328],[78.2464,26.23433],[78.24643,26.2354],[78.24636,26.2356],[78.24591,26.23604],[78.24152,26.24075],[78.23681,26.24217],[78.23676,26.24219],[78.23182,26.24368],[78.23147,26.24377],[78.23118,26.24375],[78.23022,26.24333],[78.22934,26.24319]]}},{"type":"Feature","properties":{"highway":"primary"},"geometry":{"type":"LineString","coordinates":[[78.22365,26.23021],[78.22361,26.23017],[78.22353,26.23018],[78.22351,26.23019],[78.22348,26.23026],[78.2236,26.23032],[78.22366,26.23027],[78.22365,26.23021]]}},{"type":"Feature","properties":{"highway":"primary"},"geometry":{"type":"LineString","coordinates":[[78.20734,26.23442],[78.21185,26.23299],[78.21239,26.23282],[78.21249,26.2328],[78.21388,26.23237],[78.21552,26.23181],[78.21728,26.23126],[78.2181,26.231],[78.21842,26.23094],[78.21938,26.23094],[78.2198,26.23084],[78.22117,26.23039],[78.22145,26.23033],[78.22348,26.23026]]}},{"type":"Feature","properties":{"highway":"primary"},"geometry":{"type":"LineString","coordinates":[[78.22351,26.23019],[78.22142,26.23027],[78.22108,26.23034],[78.2197,26.23078],[78.21939,26.23085],[78.21855,26.23084],[78.21807,26.23089],[78.21725,26.23116],[78.21385,26.23229],[78.21246,26.2327],[78.21236,26.23273],[78.21061,26.23325],[78.20727,26.23432]]}},{"type":"Feature","properties":{"highway":"primary"},"geometry":{"type":"LineString","coordinates":[[78.20045,26.23699],[78.20033,26.23693]]}},{"type":"Feature","properties":{"highway":"primary"},"geometry":{"type":"LineString","coordinates":[[78.22564,26.23011],[78.22561,26.23016],[78.22566,26.23023],[78.2257,26.23023],[78.22573,26.23021],[78.22572,26.23012],[78.22564,26.23011]]}},{"type":"Feature","properties":{"highway":"primary"},"geometry":{"type":"LineString","coordinates":[[78.22366,26.23027],[78.22566,26.23023]]}},{"type":"Feature","properties":{"highway":"primary"},"geometry":{"type":"LineString","coordinates":[[78.22561,26.23016],[78.22365,26.23021]]}},{"type":"Feature","properties":{},"geometry":{"type":"LineString","coordinates":[[78.18884,26.23586],[78.1892,26.23595]]}},{"type":"Feature","properties":{},"geometry":{"type":"LineString","coordinates":[[78.18889,26.23575],[78.18884,26.23586],[78.18882,26.23607],[78.18886,26.23612]]}},{"type":"Feature","properties":{},"geometry":{"type":"LineString","coordinates":[[78.18886,26.23612],[78.1891,26.23611],[78.1892,26.23595],[78.18925,26.23585]]}},{"type":"Feature","properties":{},"geometry":{"type":"LineString","coordinates":[[78.1892,26.23595],[78.19133,26.2365],[78.1924,26.23671]]}},{"type":"Feature","properties":{},"geometry":{"type":"LineString","coordinates":[[78.1924,26.23671],[78.19298,26.23684],[78.19335,26.23688],[78.19477,26.23687],[78.19821,26.23691]]}},{"type":"Feature","properties":{"highway":"primary"},"geometry":{"type":"LineString","coordinates":[[78.19984,26.23699],[78.19988,26.2372]]}},{"type":"Feature","properties":{"highway":"primary"},"geometry":{"type":"LineString","coordinates":[[78.20033,26.23693],[78.20003,26.23688],[78.19823,26.23683]]}},{"type":"Feature","properties":{"highway":"primary"},"geometry":{"type":"LineString","coordinates":[[78.20033,26.23693],[78.20016,26.23702],[78.19988,26.2372]]}},{"type":"Feature","properties":{},"geometry":{"type":"LineString","coordinates":[[78.18889,26.23575],[78.18719,26.23534],[78.18572,26.23501],[78.18277,26.23428],[78.18224,26.23413],[78.18108,26.23386]]}},{"type":"Feature","properties":{},"geometry":{"type":"LineString","coordinates":[[78.18106,26.23393],[78.18277,26.23437],[78.18488,26.23488],[78.18659,26.23531],[78.18807,26.23565],[78.18884,26.23586]]}},{"type":"Feature","properties":{},"geometry":{"type":"LineString","coordinates":[[78.18087,26.23381],[78.18085,26.23387],[78.18086,26.23391],[78.18092,26.23397],[78.18106,26.23393],[78.18108,26.23386],[78.18106,26.23381],[78.18102,26.23378],[78.18087,26.23381]]}},{"type":"Feature","properties":{"highway":"primary"},"geometry":{"type":"LineString","coordinates":[[78.17718,26.21237],[78.17716,26.21235],[78.17709,26.21233],[78.17704,26.21235],[78.17703,26.21245],[78.17711,26.21248],[78.17718,26.21244],[78.17718,26.21237]]}},{"type":"Feature","properties":{"highway":"primary"},"geometry":{"type":"LineString","coordinates":[[78.17704,26.21235],[78.176,26.21215],[78.17442,26.21178],[78.17375,26.21172],[78.17298,26.21173]]}},{"type":"Feature","properties":{"highway":"primary"},"geometry":{"type":"LineString","coordinates":[[78.18903,26.22006],[78.19012,26.22089],[78.19257,26.22282],[78.19602,26.22556],[78.19614,26.22565],[78.1981,26.22718],[78.19839,26.22743],[78.2002,26.22883],[78.20041,26.22901],[78.20245,26.2306],[78.20337,26.23136],[78.20544,26.23296],[78.20657,26.23385],[78.20713,26.23437]]}},{"type":"Feature","properties":{},"geometry":{"type":"LineString","coordinates":[[78.18232,26.19966],[78.18259,26.19967]]}},{"type":"Feature","properties":{"highway":"primary"},"geometry":{"type":"LineString","coordinates":[[78.17752,26.21242],[78.17718,26.21237]]}},{"type":"Feature","properties":{"highway":"primary"},"geometry":{"type":"LineString","coordinates":[[78.18197,26.21439],[78.18141,26.21396],[78.18122,26.21375]]}},{"type":"Feature","properties":{"highway":"primary"},"geometry":{"type":"LineString","coordinates":[[78.18122,26.21375],[78.18094,26.21343],[78.18066,26.2132],[78.1802,26.21301],[78.17752,26.21242]]}},{"type":"Feature","properties":{},"geometry":{"type":"LineString","coordinates":[[78.17279,26.23365],[78.17269,26.23372],[78.17224,26.23443],[78.172,26.23499],[78.1719,26.23505],[78.17147,26.23503],[78.17125,26.23544],[78.17068,26.23576],[78.17022,26.23607],[78.16944,26.23651],[78.16906,26.2366],[78.16743,26.2365],[78.16727,26.23649],[78.16699,26.23625],[78.16676,26.23574],[78.16664,26.23561],[78.16614,26.23519],[78.16582,26.23496],[78.16547,26.23472],[78.1649,26.23426],[78.16425,26.23394],[78.1639,26.23361],[78.16366,26.23312],[78.16337,26.23229],[78.16334,26.23199],[78.16359,26.23149],[78.16364,26.23118],[78.16341,26.23047],[78.16337,26.23024],[78.1634,26.22967],[78.16336,26.22946],[78.16315,26.22898],[78.1631,26.22893]]}},{"type":"Feature","properties":{},"geometry":{"type":"LineString","coordinates":[[78.17648,26.23313],[78.17607,26.23308]]}},{"type":"Feature","properties":{},"geometry":{"type":"LineString","coordinates":[[78.17607,26.23308],[78.17563,26.2329],[78.17533,26.23288],[78.17474,26.23296],[78.1738,26.23327],[78.17316,26.23357],[78.17279,26.23365]]}},{"type":"Feature","properties":{},"geometry":{"type":"LineString","coordinates":[[78.2476,26.20404],[78.2481,26.20466],[78.24971,26.20629],[78.25023,26.20679],[78.25148,26.20793],[78.25223,26.20863],[78.25267,26.209],[78.25331,26.2094],[78.25369,26.20959],[78.25431,26.20979],[78.2545,26.2098]]}},{"type":"Feature","properties":{},"geometry":{"type":"LineString","coordinates":[[78.27983,26.23058],[78.27982,26.23085],[78.28017,26.23204],[78.2805,26.23325],[78.28059,26.23371],[78.28061,26.23414],[78.28056,26.23472],[78.28038,26.23555],[78.28001,26.23718],[78.27994,26.23767],[78.27991,26.23849],[78.27998,26.23906],[78.2802,26.23969],[78.28048,26.24009]]}},{"type":"Feature","properties":{},"geometry":{"type":"LineString","coordinates":[[78.25466,26.20974],[78.25408,26.20941],[78.25337,26.20907],[78.25268,26.20858],[78.25193,26.20787],[78.25053,26.20659],[78.25014,26.20624],[78.24889,26.20495],[78.24795,26.20407],[78.24773,26.20397]]}},{"type":"Feature","properties":{},"geometry":{"type":"LineString","coordinates":[[78.28061,26.24001],[78.2804,26.2392],[78.28032,26.23877],[78.28027,26.23806],[78.28039,26.23712],[78.28075,26.23567],[78.28096,26.23459],[78.28099,26.2341],[78.28096,26.23367],[78.28086,26.23317],[78.28043,26.23171],[78.28008,26.23067],[78.27997,26.23052]]}},{"type":"Feature","properties":{"highway":"primary"},"geometry":{"type":"LineString","coordinates":[[78.18582,26.15365],[78.18595,26.15309],[78.18645,26.15071],[78.18683,26.14887],[78.18699,26.14826],[78.18719,26.14774],[78.18931,26.14321],[78.1895,26.14291],[78.19179,26.14048],[78.19557,26.13641],[78.19722,26.13469],[78.19808,26.13374],[78.20172,26.12992],[78.20236,26.12936],[78.20285,26.12903],[78.20429,26.12822],[78.21068,26.12458],[78.21126,26.12429],[78.21183,26.12408],[78.21243,26.12392]]}},{"type":"Feature","properties":{},"geometry":{"type":"LineString","coordinates":[[78.18087,26.21321],[78.18119,26.21325],[78.18209,26.21328]]}},{"type":"Feature","properties":{},"geometry":{"type":"LineString","coordinates":[[78.182,26.21318],[78.18209,26.21328]]}},{"type":"Feature","properties":{},"geometry":{"type":"LineString","coordinates":[[78.18247,26.21322],[78.18275,26.21319]]}},{"type":"Feature","properties":{},"geometry":{"type":"LineString","coordinates":[[78.15415,26.22315],[78.1553,26.22294],[78.15566,26.22282]]}},{"type":"Feature","properties":{},"geometry":{"type":"LineString","coordinates":[[78.15979,26.22109],[78.16053,26.22088],[78.1606,26.22085]]}},{"type":"Feature","properties":{},"geometry":{"type":"LineString","coordinates":[[78.15638,26.22559],[78.15723,26.22525],[78.15886,26.22462],[78.16005,26.22423],[78.16098,26.22397],[78.16105,26.22394]]}},{"type":"Feature","properties":{},"geometry":{"type":"LineString","coordinates":[[78.15566,26.22282],[78.15581,26.22279],[78.15695,26.22212],[78.15726,26.22187],[78.15768,26.22165],[78.15796,26.22155],[78.1589,26.22131],[78.15971,26.22115],[78.15979,26.22109]]}},{"type":"Feature","properties":{},"geometry":{"type":"LineString","coordinates":[[78.15979,26.22109],[78.15962,26.22106],[78.15843,26.2213],[78.15783,26.22145],[78.15718,26.22179],[78.15671,26.22213],[78.15575,26.22271],[78.15566,26.22282]]}},{"type":"Feature","properties":{"highway":"primary"},"geometry":{"type":"LineString","coordinates":[[78.18858,26.20345],[78.18891,26.20336],[78.18933,26.20334]]}},{"type":"Feature","properties":{"highway":"primary"},"geometry":{"type":"LineString","coordinates":[[78.17322,26.19748],[78.17339,26.19811]]}},{"type":"Feature","properties":{"highway":"primary"},"geometry":{"type":"LineString","coordinates":[[78.15132,26.22692],[78.15135,26.22715],[78.15175,26.22821],[78.15201,26.22899],[78.15232,26.22982],[78.1527,26.23107],[78.15297,26.23176],[78.15339,26.23292],[78.15385,26.23416],[78.15409,26.23486],[78.15414,26.23496],[78.15452,26.23615],[78.15529,26.23822],[78.15538,26.23856],[78.15551,26.23901],[78.15639,26.24155],[78.15642,26.24163],[78.15686,26.24254],[78.15703,26.24282],[78.15895,26.24634],[78.15911,26.24657],[78.15979,26.2473],[78.16035,26.24775],[78.1617,26.24874],[78.1624,26.24922],[78.16259,26.24938],[78.16271,26.24966],[78.16278,26.25046],[78.16304,26.25309],[78.163,26.25359],[78.16275,26.25429],[78.16146,26.25769],[78.16141,26.25803]]}},{"type":"Feature","properties":{},"geometry":{"type":"LineString","coordinates":[[78.21078,26.26019],[78.21087,26.26019],[78.21092,26.26008],[78.21085,26.26002],[78.21074,26.26006],[78.21078,26.26019]]}},{"type":"Feature","properties":{},"geometry":{"type":"LineString","coordinates":[[78.21782,26.27007],[78.21719,26.27007],[78.2155,26.26994],[78.21355,26.26979],[78.21215,26.26966],[78.21207,26.26966],[78.21023,26.26949],[78.20896,26.26938],[78.20889,26.26938],[78.2074,26.26925],[78.20709,26.26931],[78.2035,26.27158],[78.20333,26.27175]]}},{"type":"Feature","properties":{},"geometry":{"type":"LineString","coordinates":[[78.20333,26.27175],[78.20383,26.27146],[78.20443,26.27107],[78.20598,26.27012],[78.20714,26.26938],[78.20736,26.26932],[78.20888,26.26946],[78.20896,26.26947],[78.21073,26.26964],[78.21207,26.26973],[78.21216,26.26974],[78.21356,26.26986],[78.21549,26.27005],[78.21749,26.2702],[78.21785,26.27018]]}},{"type":"Feature","properties":{"highway":"primary"},"geometry":{"type":"LineString","coordinates":[[78.19694,26.23893],[78.19752,26.23862],[78.19888,26.23783]]}},{"type":"Feature","properties":{"highway":"primary"},"geometry":{"type":"LineString","coordinates":[[78.19988,26.2372],[78.19903,26.2377],[78.19888,26.23783]]}},{"type":"Feature","properties":{},"geometry":{"type":"LineString","coordinates":[[78.21752,26.25812],[78.21742,26.25811],[78.21677,26.25814],[78.21549,26.25805],[78.21516,26.25805],[78.21459,26.25819],[78.21286,26.25865],[78.21249,26.25881],[78.21171,26.25935],[78.21085,26.26002]]}},{"type":"Feature","properties":{},"geometry":{"type":"LineString","coordinates":[[78.21092,26.26008],[78.21251,26.2589],[78.21289,26.25871],[78.21504,26.25816],[78.21548,26.25814],[78.21697,26.25823],[78.21739,26.25835],[78.21749,26.25838]]}},{"type":"Feature","properties":{},"geometry":{"type":"LineString","coordinates":[[78.12048,26.29804],[78.11973,26.29781],[78.11939,26.29755],[78.1189,26.29677],[78.11724,26.29431],[78.11691,26.29388],[78.11671,26.29368],[78.11592,26.29312],[78.11561,26.29283],[78.11504,26.29243],[78.11446,26.292],[78.11357,26.29129],[78.11288,26.29088],[78.11226,26.29055],[78.11082,26.28967],[78.11007,26.28919],[78.10801,26.28796],[78.10801,26.28779],[78.10785,26.28772],[78.10586,26.28646],[78.10419,26.28544],[78.10352,26.28505],[78.1029,26.28465],[78.10177,26.28395],[78.10121,26.28365],[78.10097,26.28344]]}},{"type":"Feature","properties":{},"geometry":{"type":"LineString","coordinates":[[78.18106,26.23381],[78.18116,26.23367],[78.18123,26.23335],[78.18131,26.23215],[78.1813,26.23188]]}},{"type":"Feature","properties":{},"geometry":{"type":"LineString","coordinates":[[78.18143,26.23015],[78.18149,26.22977],[78.18155,26.22945],[78.1818,26.22861],[78.18193,26.22809],[78.1819,26.22742],[78.18191,26.22734]]}},{"type":"Feature","properties":{},"geometry":{"type":"LineString","coordinates":[[78.18012,26.21884],[78.17996,26.21809],[78.17964,26.2169],[78.17938,26.21603],[78.17918,26.21517],[78.17907,26.21496],[78.17873,26.21494],[78.177,26.2147],[78.17694,26.21467],[78.17689,26.21457],[78.17688,26.21397],[78.17694,26.21354],[78.17708,26.21295],[78.17711,26.21248]]}},{"type":"Feature","properties":{},"geometry":{"type":"LineString","coordinates":[[78.15299,26.20757],[78.15298,26.20752]]}},{"type":"Feature","properties":{},"geometry":{"type":"LineString","coordinates":[[78.15299,26.20757],[78.15299,26.2077]]}},{"type":"Feature","properties":{},"geometry":{"type":"LineString","coordinates":[[78.1527,26.20512],[78.15282,26.20635],[78.15279,26.20688]]}},{"type":"Feature","properties":{},"geometry":{"type":"LineString","coordinates":[[78.18572,26.23501],[78.18579,26.23423],[78.18592,26.23413],[78.18635,26.23413],[78.18666,26.2332],[78.18671,26.23287],[78.18677,26.23207],[78.18675,26.23164],[78.18666,26.23155],[78.18539,26.23173],[78.18483,26.23186],[78.18439,26.23191],[78.18343,26.23186],[78.18262,26.23187],[78.18182,26.23184],[78.18131,26.2318]]}},{"type":"Feature","properties":{},"geometry":{"type":"LineString","coordinates":[[78.1818,26.22861],[78.18173,26.2286],[78.1815,26.22858],[78.18024,26.22872],[78.17873,26.22892]]}},{"type":"Feature","properties":{},"geometry":{"type":"LineString","coordinates":[[78.18157,26.22552],[78.18148,26.22556],[78.18089,26.22595],[78.17978,26.22664],[78.17927,26.22689],[78.1787,26.22725],[78.17768,26.228]]}},{"type":"Feature","properties":{},"geometry":{"type":"LineString","coordinates":[[78.19115,26.22914],[78.19089,26.22887],[78.19061,26.22866],[78.19032,26.22865],[78.18917,26.2288],[78.18869,26.22885],[78.18703,26.22906],[78.18495,26.22934],[78.18379,26.22946],[78.18196,26.22972],[78.18149,26.22977]]}},{"type":"Feature","properties":{},"geometry":{"type":"LineString","coordinates":[[78.17692,26.2148],[78.17693,26.21472]]}},{"type":"Feature","properties":{},"geometry":{"type":"LineString","coordinates":[[78.17694,26.21467],[78.17693,26.21472]]}},{"type":"Feature","properties":{},"geometry":{"type":"LineString","coordinates":[[78.17692,26.2148],[78.17651,26.21562],[78.17648,26.21578],[78.17667,26.21707],[78.17686,26.21792],[78.17701,26.21877],[78.17707,26.21949],[78.17723,26.22055],[78.17723,26.22083],[78.17751,26.22091],[78.17807,26.22154]]}},{"type":"Feature","properties":{},"geometry":{"type":"LineString","coordinates":[[78.1765,26.22239],[78.17588,26.22272],[78.17577,26.22283]]}},{"type":"Feature","properties":{},"geometry":{"type":"LineString","coordinates":[[78.1577,26.2101],[78.15784,26.20917],[78.15785,26.20853],[78.15789,26.20776],[78.15798,26.20731],[78.15813,26.20674],[78.15815,26.2067]]}},{"type":"Feature","properties":{},"geometry":{"type":"LineString","coordinates":[[78.15666,26.21269],[78.15737,26.21329],[78.15775,26.21366],[78.15837,26.21419],[78.1588,26.21452],[78.16044,26.21593],[78.16055,26.21574],[78.16058,26.21515],[78.16036,26.21329],[78.16016,26.21266],[78.16007,26.21225],[78.16003,26.21165],[78.16008,26.21144],[78.16025,26.21132],[78.16074,26.21115],[78.1609,26.21095],[78.16094,26.21053],[78.16085,26.20991]]}},{"type":"Feature","properties":{},"geometry":{"type":"LineString","coordinates":[[78.17234,26.22594],[78.17278,26.22579],[78.17292,26.2257],[78.17301,26.22542],[78.17323,26.22443],[78.1737,26.22437],[78.17423,26.2237],[78.17478,26.22349],[78.17533,26.22319],[78.17577,26.22283]]}},{"type":"Feature","properties":{},"geometry":{"type":"LineString","coordinates":[[78.14623,26.21308],[78.14633,26.21285],[78.14661,26.21173],[78.14672,26.21146],[78.14693,26.21116],[78.14749,26.21076],[78.14959,26.20956],[78.15014,26.20929],[78.15065,26.20911],[78.15191,26.20874],[78.15231,26.20858],[78.15267,26.20849],[78.15331,26.20847],[78.15477,26.20846],[78.15564,26.20855],[78.15621,26.20854],[78.15718,26.20845],[78.15735,26.20852],[78.15755,26.20882],[78.15784,26.20917],[78.15842,26.20936],[78.15886,26.20954],[78.15917,26.20965]]}},{"type":"Feature","properties":{},"geometry":{"type":"LineString","coordinates":[[78.17745,26.21092],[78.17733,26.21144],[78.17709,26.21233]]}},{"type":"Feature","properties":{},"geometry":{"type":"LineString","coordinates":[[78.17085,26.20708],[78.17091,26.20752],[78.17105,26.20812],[78.17127,26.20861],[78.17155,26.20899],[78.17181,26.20903],[78.17292,26.20887],[78.17317,26.20894],[78.17342,26.20935],[78.17362,26.20946],[78.1738,26.20972],[78.1739,26.21011],[78.17415,26.21044]]}},{"type":"Feature","properties":{},"geometry":{"type":"LineString","coordinates":[[78.15168,26.19996],[78.15213,26.19957],[78.15264,26.19898],[78.15337,26.19848],[78.15371,26.19821],[78.15384,26.19799],[78.15397,26.19752],[78.15408,26.19733]]}},{"type":"Feature","properties":{},"geometry":{"type":"LineString","coordinates":[[78.17258,26.22847],[78.17286,26.22837],[78.17324,26.22835],[78.17366,26.22837],[78.17444,26.22849],[78.17494,26.22859],[78.17536,26.2288],[78.17552,26.22909],[78.17567,26.22923],[78.17612,26.22929],[78.17653,26.22924]]}},{"type":"Feature","properties":{},"geometry":{"type":"LineString","coordinates":[[78.15695,26.2033],[78.15767,26.20352],[78.15831,26.20385],[78.15936,26.20428],[78.15989,26.20451],[78.16068,26.20479],[78.16121,26.20502],[78.16146,26.20506],[78.16205,26.20502],[78.16222,26.20491],[78.16232,26.20487]]}},{"type":"Feature","properties":{},"geometry":{"type":"LineString","coordinates":[[78.14615,26.2083],[78.14652,26.20825],[78.14673,26.20827],[78.14733,26.20847],[78.14773,26.20834],[78.1481,26.20802],[78.14847,26.20789],[78.14951,26.20812],[78.15025,26.20831],[78.15103,26.20843],[78.15125,26.20843],[78.15187,26.20821],[78.15216,26.20806],[78.15286,26.20777],[78.153,26.20776]]}},{"type":"Feature","properties":{},"geometry":{"type":"LineString","coordinates":[[78.15093,26.19434],[78.15086,26.19438],[78.15047,26.1947],[78.15013,26.1955],[78.14991,26.19585],[78.14943,26.19628],[78.14913,26.1967],[78.14862,26.19699],[78.14792,26.19736]]}},{"type":"Feature","properties":{},"geometry":{"type":"LineString","coordinates":[[78.20863,26.2272],[78.20867,26.22729],[78.20946,26.22799],[78.21038,26.22875],[78.211,26.22937],[78.21139,26.22999],[78.21172,26.23068],[78.21218,26.23212],[78.21236,26.23273],[78.21239,26.23282]]}},{"type":"Feature","properties":{"highway":"primary"},"geometry":{"type":"LineString","coordinates":[[78.19614,26.22565],[78.1962,26.22559],[78.19741,26.22426],[78.1976,26.22411],[78.19792,26.22398],[78.19832,26.22375],[78.19872,26.22344],[78.19981,26.22238],[78.1999,26.22223]]}},{"type":"Feature","properties":{},"geometry":{"type":"LineString","coordinates":[[78.18139,26.22493],[78.18147,26.22489],[78.18254,26.22426],[78.18344,26.22376]]}},{"type":"Feature","properties":{},"geometry":{"type":"LineString","coordinates":[[78.18049,26.22038],[78.18016,26.22052],[78.17983,26.22057],[78.17895,26.22093],[78.17871,26.22106],[78.17807,26.22154],[78.17778,26.22175],[78.1765,26.22239]]}},{"type":"Feature","properties":{},"geometry":{"type":"LineString","coordinates":[[78.2138,26.2673],[78.21373,26.26732]]}},{"type":"Feature","properties":{},"geometry":{"type":"LineString","coordinates":[[78.21373,26.26732],[78.21353,26.26742],[78.21224,26.26736],[78.21215,26.26736]]}},{"type":"Feature","properties":{},"geometry":{"type":"LineString","coordinates":[[78.21216,26.26974],[78.21215,26.26966],[78.21221,26.2692],[78.21232,26.2677],[78.21224,26.26736],[78.21209,26.26712],[78.21168,26.26668],[78.21137,26.26646],[78.21111,26.26635],[78.21056,26.26621],[78.21028,26.26603],[78.21021,26.26597]]}},{"type":"Feature","properties":{},"geometry":{"type":"LineString","coordinates":[[78.21667,26.26702],[78.21616,26.26708],[78.2139,26.26727],[78.21383,26.2673]]}},{"type":"Feature","properties":{},"geometry":{"type":"LineString","coordinates":[[78.21687,26.26432],[78.21676,26.26432],[78.21648,26.26432],[78.21526,26.26443],[78.21343,26.26454]]}},{"type":"Feature","properties":{},"geometry":{"type":"LineString","coordinates":[[78.21675,26.26537],[78.21664,26.26538],[78.21625,26.26539],[78.21504,26.26551],[78.21314,26.26566]]}},{"type":"Feature","properties":{},"geometry":{"type":"LineString","coordinates":[[78.2186,26.27193],[78.21923,26.27169],[78.21961,26.27137],[78.2197,26.27106],[78.22007,26.27084],[78.2207,26.27082]]}},{"type":"Feature","properties":{},"geometry":{"type":"LineString","coordinates":[[78.20677,26.26422],[78.20774,26.26427],[78.21038,26.26437],[78.21048,26.26437],[78.21289,26.26455]]}},{"type":"Feature","properties":{},"geometry":{"type":"LineString","coordinates":[[78.21343,26.26454],[78.21327,26.26455]]}},{"type":"Feature","properties":{},"geometry":{"type":"LineString","coordinates":[[78.15089,26.21325],[78.15164,26.21305],[78.15287,26.21277],[78.15358,26.21257],[78.15415,26.21252],[78.15435,26.21247],[78.15483,26.21217],[78.15511,26.21211],[78.15588,26.21215],[78.15609,26.21211],[78.15657,26.21181],[78.15672,26.21163]]}},{"type":"Feature","properties":{},"geometry":{"type":"LineString","coordinates":[[78.14763,26.21412],[78.14821,26.21387],[78.14847,26.2138],[78.14981,26.2136],[78.15011,26.21353],[78.15046,26.21335],[78.15089,26.21325]]}},{"type":"Feature","properties":{},"geometry":{"type":"LineString","coordinates":[[78.17522,26.20984],[78.17543,26.21002]]}},{"type":"Feature","properties":{},"geometry":{"type":"LineString","coordinates":[[78.21013,26.26606],[78.21022,26.26611],[78.21051,26.26628],[78.21129,26.26653],[78.2118,26.26691],[78.21215,26.26736],[78.21222,26.2677],[78.21219,26.26842],[78.21213,26.2692],[78.21207,26.26966],[78.21207,26.26973]]}},{"type":"Feature","properties":{},"geometry":{"type":"LineString","coordinates":[[78.15823,26.20651],[78.15827,26.20645],[78.15859,26.20623],[78.15886,26.20597],[78.15894,26.2057],[78.159,26.20495],[78.1592,26.20452],[78.15936,26.20428]]}},{"type":"Feature","properties":{},"geometry":{"type":"LineString","coordinates":[[78.15815,26.2067],[78.15823,26.20651]]}},{"type":"Feature","properties":{},"geometry":{"type":"LineString","coordinates":[[78.16462,26.19474],[78.16475,26.19469],[78.16707,26.19391],[78.16935,26.19325],[78.16947,26.19311],[78.16958,26.19265]]}},{"type":"Feature","properties":{},"geometry":{"type":"LineString","coordinates":[[78.17274,26.19359],[78.17173,26.19325]]}},{"type":"Feature","properties":{},"geometry":{"type":"LineString","coordinates":[[78.16995,26.16597],[78.16987,26.16607],[78.16978,26.16613],[78.16891,26.16649],[78.16852,26.16677],[78.16801,26.16719],[78.16734,26.16785],[78.16703,26.1681],[78.16632,26.16859],[78.16542,26.16915],[78.16474,26.16952],[78.16438,26.16977],[78.16389,26.17032],[78.16345,26.17074],[78.16325,26.17104],[78.16288,26.1719],[78.16261,26.17261],[78.16257,26.17289],[78.16271,26.17316],[78.16317,26.17349],[78.16346,26.17389],[78.16354,26.1742],[78.16345,26.17464],[78.16306,26.17516],[78.16278,26.17532],[78.16127,26.17575],[78.16075,26.17589],[78.1603,26.17605],[78.16004,26.17627],[78.16001,26.17644],[78.16014,26.17704],[78.16039,26.17755],[78.16057,26.17775],[78.16105,26.17815],[78.16157,26.17852],[78.16172,26.17872],[78.16175,26.17903],[78.16166,26.17956],[78.16166,26.17989],[78.16174,26.18014],[78.16204,26.18053],[78.16267,26.18082],[78.16332,26.18129],[78.16437,26.18262],[78.16501,26.18329],[78.16544,26.18404],[78.1658,26.18478],[78.16595,26.18522],[78.16616,26.1868],[78.16617,26.1871],[78.16611,26.18756],[78.16599,26.18786],[78.16571,26.18827],[78.16538,26.18863],[78.16464,26.18916],[78.16442,26.18949],[78.16426,26.19001],[78.1641,26.19035],[78.16386,26.19072],[78.1636,26.19122],[78.1635,26.1913]]}},{"type":"Feature","properties":{},"geometry":{"type":"LineString","coordinates":[[78.16611,26.19799],[78.16578,26.19723],[78.16475,26.19469],[78.16433,26.19359]]}},{"type":"Feature","properties":{},"geometry":{"type":"LineString","coordinates":[[78.16337,26.1915],[78.16346,26.19147],[78.1635,26.1913],[78.16329,26.19123],[78.16321,26.1914],[78.16337,26.1915]]}},{"type":"Feature","properties":{},"geometry":{"type":"LineString","coordinates":[[78.16024,26.18997],[78.16027,26.18989],[78.15987,26.18933],[78.15876,26.18803],[78.15861,26.18789],[78.15822,26.18766],[78.15759,26.18753],[78.15684,26.18759],[78.15525,26.18824],[78.15446,26.18852]]}},{"type":"Feature","properties":{},"geometry":{"type":"LineString","coordinates":[[78.15552,26.19119],[78.15538,26.19089]]}},{"type":"Feature","properties":{},"geometry":{"type":"LineString","coordinates":[[78.15759,26.18753],[78.15755,26.18681],[78.15773,26.18583],[78.15768,26.18536],[78.15739,26.18455],[78.15738,26.18434],[78.15746,26.18388],[78.15726,26.18331],[78.15676,26.18242],[78.15658,26.18203],[78.15632,26.18122],[78.15585,26.18006],[78.15577,26.18006],[78.154,26.18037]]}},{"type":"Feature","properties":{},"geometry":{"type":"LineString","coordinates":[[78.15115,26.18153],[78.15156,26.18133],[78.15206,26.18103],[78.15214,26.18085],[78.15297,26.1806],[78.154,26.18037]]}},{"type":"Feature","properties":{},"geometry":{"type":"LineString","coordinates":[[78.15164,26.19218],[78.15276,26.19175],[78.15279,26.19166],[78.15242,26.19079],[78.15225,26.19046],[78.1517,26.18918],[78.15121,26.18814],[78.15092,26.18747],[78.14982,26.18505],[78.14942,26.18422],[78.14893,26.18314],[78.14864,26.18257],[78.1483,26.18182],[78.14763,26.1804],[78.1476,26.18034]]}},{"type":"Feature","properties":{},"geometry":{"type":"LineString","coordinates":[[78.14875,26.18838],[78.14882,26.18836],[78.15011,26.1878],[78.15092,26.18747],[78.15179,26.18709],[78.15348,26.18642]]}},{"type":"Feature","properties":{},"geometry":{"type":"LineString","coordinates":[[78.14893,26.18314],[78.14964,26.18289],[78.14991,26.18273],[78.15048,26.18251],[78.15051,26.1824],[78.15035,26.18195],[78.15046,26.1818],[78.15115,26.18153]]}},{"type":"Feature","properties":{},"geometry":{"type":"LineString","coordinates":[[78.14466,26.19858],[78.14447,26.19833],[78.14416,26.19767],[78.14409,26.19737],[78.14416,26.19669],[78.14394,26.19568]]}},{"type":"Feature","properties":{},"geometry":{"type":"LineString","coordinates":[[78.14862,26.19699],[78.14831,26.19638],[78.14796,26.1959],[78.14663,26.19441],[78.14643,26.19422],[78.14604,26.19399],[78.14579,26.19367],[78.14495,26.19279],[78.1445,26.19225],[78.14408,26.19182],[78.14288,26.19072],[78.14249,26.19027],[78.14205,26.18984],[78.14176,26.18947],[78.14177,26.1894],[78.14214,26.18915],[78.14268,26.18871],[78.14264,26.18859],[78.14234,26.18828],[78.14165,26.1877],[78.14118,26.18726]]}},{"type":"Feature","properties":{},"geometry":{"type":"LineString","coordinates":[[78.14565,26.18648],[78.14643,26.18642],[78.14764,26.18633],[78.14772,26.18632]]}},{"type":"Feature","properties":{},"geometry":{"type":"LineString","coordinates":[[78.14643,26.18642],[78.14662,26.18693],[78.14687,26.18734],[78.14685,26.18764],[78.14674,26.18797],[78.14666,26.18911],[78.14667,26.18935],[78.1468,26.19048]]}},{"type":"Feature","properties":{},"geometry":{"type":"LineString","coordinates":[[78.13518,26.18471],[78.13512,26.18477],[78.13482,26.18506],[78.13415,26.18564],[78.13373,26.1861],[78.13326,26.18666]]}},{"type":"Feature","properties":{},"geometry":{"type":"LineString","coordinates":[[78.14354,26.1986],[78.1434,26.19855],[78.14336,26.19807],[78.14205,26.19633],[78.1415,26.1957],[78.14102,26.1949],[78.14031,26.19428],[78.13937,26.19328],[78.13885,26.19265],[78.13861,26.19232],[78.13827,26.19166],[78.13785,26.1912],[78.13654,26.19024],[78.13612,26.18974],[78.13576,26.18919],[78.1353,26.18854],[78.13496,26.18835],[78.13436,26.18815],[78.13382,26.18782],[78.13322,26.1874],[78.13312,26.18701]]}},{"type":"Feature","properties":{},"geometry":{"type":"LineString","coordinates":[[78.17434,26.1886],[78.17427,26.18859],[78.17356,26.18851],[78.17313,26.18855],[78.17293,26.18887],[78.17219,26.18977],[78.17198,26.19011],[78.17185,26.1902],[78.17134,26.1903],[78.1707,26.19049],[78.17024,26.19072],[78.16997,26.19075],[78.1697,26.19087],[78.16881,26.19135],[78.16805,26.1916],[78.16759,26.1919]]}},{"type":"Feature","properties":{},"geometry":{"type":"LineString","coordinates":[[78.16719,26.1917],[78.16668,26.19209],[78.16527,26.19309],[78.16433,26.19353]]}},{"type":"Feature","properties":{},"geometry":{"type":"LineString","coordinates":[[78.15827,26.20645],[78.15794,26.20645],[78.15735,26.20626],[78.15639,26.20592],[78.15598,26.20593],[78.15575,26.20614],[78.1552,26.20725],[78.1551,26.20737],[78.1547,26.20751],[78.15379,26.20763],[78.15298,26.20752],[78.15285,26.20744],[78.15279,26.20688]]}},{"type":"Feature","properties":{},"geometry":{"type":"LineString","coordinates":[[78.14865,26.20147],[78.1488,26.20155],[78.14923,26.20192],[78.14952,26.20212],[78.15064,26.20272],[78.15182,26.20346],[78.15251,26.20379],[78.15373,26.20414],[78.15413,26.20422]]}},{"type":"Feature","properties":{},"geometry":{"type":"LineString","coordinates":[[78.14792,26.19736],[78.14785,26.19708],[78.14763,26.19704],[78.14676,26.19708],[78.14638,26.19705],[78.14612,26.1971],[78.14554,26.1976],[78.14527,26.19789],[78.14521,26.19807],[78.145,26.19832],[78.14466,26.19858],[78.14461,26.19866],[78.14391,26.19877],[78.14355,26.1989],[78.14286,26.1994],[78.14249,26.19971],[78.14222,26.20023],[78.14211,26.20063],[78.14206,26.2012],[78.14212,26.20176],[78.14252,26.20238],[78.14261,26.20262],[78.14266,26.20329],[78.14292,26.20446],[78.143,26.20467],[78.14349,26.20561],[78.14364,26.2058]]}},{"type":"Feature","properties":{},"geometry":{"type":"LineString","coordinates":[[78.14196,26.20119],[78.14206,26.2012],[78.14372,26.20093],[78.14387,26.20087],[78.14408,26.20061],[78.14471,26.20031],[78.1448,26.20019],[78.14526,26.19995],[78.14585,26.19975],[78.14634,26.19966],[78.14644,26.19973],[78.14652,26.20002],[78.14668,26.20007],[78.14725,26.2001],[78.14744,26.20038],[78.14774,26.20057],[78.14801,26.20065]]}},{"type":"Feature","properties":{},"geometry":{"type":"LineString","coordinates":[[78.14779,26.20225],[78.14785,26.20145],[78.14791,26.20102],[78.14804,26.20074]]}},{"type":"Feature","properties":{},"geometry":{"type":"LineString","coordinates":[[78.14835,26.23194],[78.14889,26.23197],[78.14973,26.23208],[78.15096,26.23226],[78.15134,26.23235],[78.15162,26.23248],[78.15161,26.23264],[78.15086,26.234],[78.15078,26.23433],[78.15091,26.23528]]}},{"type":"Feature","properties":{},"geometry":{"type":"LineString","coordinates":[[78.14703,26.24181],[78.14697,26.24174],[78.14671,26.24151],[78.14671,26.24135],[78.14693,26.24104],[78.14808,26.23906],[78.14886,26.23778],[78.14958,26.23656],[78.15017,26.23551]]}},{"type":"Feature","properties":{},"geometry":{"type":"LineString","coordinates":[[78.15886,26.22462],[78.15944,26.22596],[78.16005,26.22749],[78.16028,26.22801]]}},{"type":"Feature","properties":{},"geometry":{"type":"LineString","coordinates":[[78.15538,26.23856],[78.15546,26.23854],[78.15652,26.2384],[78.157,26.2384],[78.1581,26.23807],[78.15907,26.23796],[78.15971,26.23796],[78.16108,26.23779],[78.16262,26.23747],[78.1631,26.23751],[78.16368,26.23722],[78.16469,26.2368],[78.16566,26.23661],[78.16586,26.2366],[78.16631,26.23667],[78.16679,26.23653],[78.16727,26.23649]]}},{"type":"Feature","properties":{},"geometry":{"type":"LineString","coordinates":[[78.20874,26.27215],[78.2088,26.27157],[78.20896,26.26947],[78.20896,26.26938],[78.209,26.26895],[78.20908,26.26762],[78.20917,26.26723],[78.20939,26.26677],[78.21022,26.26611],[78.21028,26.26603],[78.21033,26.26552],[78.21048,26.26437],[78.21049,26.26432],[78.21086,26.26073],[78.21087,26.2604]]}},{"type":"Feature","properties":{},"geometry":{"type":"LineString","coordinates":[[78.21842,26.27275],[78.21779,26.2731],[78.21665,26.27383],[78.2145,26.27521],[78.2124,26.27652],[78.21217,26.27669],[78.21191,26.27698],[78.21165,26.27763],[78.21169,26.27797],[78.21182,26.2783],[78.2121,26.27873],[78.21345,26.28043],[78.2134,26.28064],[78.21291,26.28095],[78.21158,26.28184],[78.21131,26.28212],[78.2105,26.28336]]}},{"type":"Feature","properties":{},"geometry":{"type":"LineString","coordinates":[[78.22137,26.2757],[78.22201,26.27564],[78.22267,26.27544],[78.22282,26.27532],[78.22297,26.27451],[78.22305,26.27426],[78.22341,26.27383],[78.22353,26.27279],[78.2236,26.27241],[78.22375,26.27207],[78.22409,26.27162],[78.22472,26.27121],[78.22493,26.27103],[78.22577,26.27016],[78.22622,26.26953],[78.22657,26.26893],[78.22682,26.26858],[78.22708,26.26796],[78.2274,26.26728],[78.22731,26.26651],[78.22736,26.26619],[78.22748,26.26604],[78.22838,26.26521],[78.22988,26.264],[78.23045,26.26344],[78.231,26.26303],[78.23137,26.26257],[78.23134,26.26227],[78.23156,26.26197]]}},{"type":"Feature","properties":{"highway":"primary"},"geometry":{"type":"LineString","coordinates":[[78.16419,26.2055],[78.16469,26.20588],[78.16566,26.20644],[78.16583,26.20666],[78.16601,26.20726],[78.16604,26.20741]]}},{"type":"Feature","properties":{},"geometry":{"type":"LineString","coordinates":[[78.14959,26.17726],[78.14987,26.17728],[78.15024,26.17738],[78.15088,26.17744],[78.15116,26.17744],[78.1516,26.17736],[78.15201,26.1774],[78.15227,26.17734],[78.15234,26.17712],[78.15234,26.1768],[78.15249,26.17658],[78.1528,26.17642],[78.15329,26.17625],[78.1536,26.17608],[78.15411,26.17588],[78.15444,26.17547],[78.15463,26.17541],[78.15545,26.17546],[78.15572,26.17543],[78.15661,26.17544],[78.1574,26.17524],[78.15789,26.17531],[78.15818,26.17543],[78.1584,26.17575],[78.15878,26.17587],[78.15955,26.17618],[78.16004,26.17627]]}},{"type":"Feature","properties":{},"geometry":{"type":"LineString","coordinates":[[78.14946,26.17391],[78.14941,26.17402],[78.14943,26.17445],[78.14931,26.17484],[78.1493,26.17542],[78.14938,26.17571],[78.14964,26.17608]]}},{"type":"Feature","properties":{},"geometry":{"type":"LineString","coordinates":[[78.14434,26.20575],[78.14428,26.20507],[78.14421,26.20287],[78.14418,26.20233],[78.1443,26.20216],[78.14454,26.20214],[78.14567,26.20212],[78.1458,26.20216],[78.14592,26.20266],[78.14602,26.20271],[78.14704,26.20267],[78.14745,26.2027]]}},{"type":"Feature","properties":{},"geometry":{"type":"LineString","coordinates":[[78.14615,26.2083],[78.14581,26.20834],[78.14529,26.20873],[78.14491,26.20885],[78.14437,26.20858],[78.14425,26.20847]]}},{"type":"Feature","properties":{},"geometry":{"type":"LineString","coordinates":[[78.14788,26.21449],[78.14802,26.21454],[78.14828,26.21481],[78.14914,26.21584],[78.14935,26.21607],[78.15005,26.21703],[78.1509,26.2183],[78.15104,26.21849]]}},{"type":"Feature","properties":{},"geometry":{"type":"LineString","coordinates":[[78.16769,26.23825],[78.16757,26.23787],[78.16737,26.23755],[78.16728,26.23731],[78.16725,26.237],[78.16743,26.2365]]}},{"type":"Feature","properties":{},"geometry":{"type":"LineString","coordinates":[[78.18723,26.306],[78.18711,26.30564],[78.1872,26.30488],[78.18718,26.30476]]}},{"type":"Feature","properties":{},"geometry":{"type":"LineString","coordinates":[[78.20824,26.22745],[78.20625,26.22906],[78.20346,26.23128],[78.20337,26.23136]]}},{"type":"Feature","properties":{},"geometry":{"type":"LineString","coordinates":[[78.2121,26.2316],[78.21245,26.23146],[78.21276,26.23122],[78.21303,26.23075],[78.21318,26.23068],[78.21374,26.23057],[78.21406,26.23031],[78.21432,26.22991],[78.21469,26.22906],[78.21486,26.22842],[78.21492,26.22765],[78.21513,26.22684],[78.21516,26.22653],[78.21502,26.2259],[78.2149,26.22506],[78.21494,26.2246],[78.21491,26.22432],[78.21479,26.22383]]}},{"type":"Feature","properties":{},"geometry":{"type":"LineString","coordinates":[[78.22748,26.22489],[78.22838,26.22481],[78.22935,26.22471],[78.23073,26.2246]]}},{"type":"Feature","properties":{},"geometry":{"type":"LineString","coordinates":[[78.23029,26.21905],[78.22936,26.22101],[78.22894,26.2217]]}},{"type":"Feature","properties":{},"geometry":{"type":"LineString","coordinates":[[78.2236,26.23032],[78.22377,26.23166],[78.22393,26.23267],[78.22406,26.23361],[78.22425,26.23477],[78.22482,26.23891],[78.22497,26.24023],[78.22497,26.24107],[78.22507,26.24125],[78.22538,26.24149],[78.22576,26.24166],[78.22601,26.24169],[78.22652,26.2416],[78.22698,26.24138],[78.22725,26.24137],[78.22795,26.24181]]}},{"type":"Feature","properties":{},"geometry":{"type":"LineString","coordinates":[[78.2257,26.23023],[78.22577,26.23054],[78.22637,26.23457],[78.22641,26.23499],[78.22673,26.23705],[78.2269,26.23825],[78.2271,26.23997],[78.22724,26.24056],[78.2276,26.24106],[78.22795,26.24181],[78.22896,26.24286],[78.22934,26.24319],[78.23029,26.24452],[78.23101,26.24535],[78.23136,26.24608],[78.23172,26.24652],[78.23308,26.24739],[78.23376,26.24786],[78.23405,26.2482],[78.2342,26.24867],[78.23414,26.24918],[78.23426,26.24937]]}},{"type":"Feature","properties":{},"geometry":{"type":"LineString","coordinates":[[78.21479,26.22383],[78.21356,26.2243],[78.21247,26.22496],[78.21219,26.22508],[78.21155,26.22523],[78.21139,26.22531],[78.2107,26.22548],[78.21036,26.22568],[78.20899,26.22695],[78.20866,26.22665],[78.20835,26.22696],[78.20858,26.22716]]}},{"type":"Feature","properties":{"highway":"primary"},"geometry":{"type":"LineString","coordinates":[[78.22621,26.28015],[78.227,26.28064],[78.22872,26.28173],[78.23014,26.2826],[78.23195,26.28374],[78.23605,26.28626],[78.23643,26.28651],[78.23679,26.28665],[78.23892,26.28727],[78.24055,26.2877],[78.24172,26.2881],[78.24323,26.28854],[78.24361,26.28873],[78.2439,26.28903],[78.24411,26.28943],[78.24467,26.29097],[78.24489,26.29153],[78.24564,26.29307],[78.24578,26.29353],[78.2458,26.29422],[78.24567,26.29672],[78.24549,26.29925],[78.24547,26.29966],[78.2456,26.29998],[78.24625,26.30055],[78.24716,26.30121],[78.24834,26.30194],[78.25183,26.30407],[78.25499,26.306]]}},{"type":"Feature","properties":{},"geometry":{"type":"LineString","coordinates":[[78.18475,26.19742],[78.18476,26.19774],[78.18451,26.19803],[78.18386,26.19813],[78.18366,26.19813],[78.18353,26.1993],[78.18346,26.19973],[78.1833,26.20013],[78.18335,26.20043],[78.18351,26.2008],[78.18367,26.20098],[78.18421,26.20138],[78.18433,26.2017],[78.18442,26.20236],[78.18408,26.20396],[78.1845,26.20399],[78.18615,26.2039],[78.18633,26.20401]]}},{"type":"Feature","properties":{"highway":"primary"},"geometry":{"type":"LineString","coordinates":[[78.20727,26.23432],[78.20713,26.23437],[78.20638,26.23464],[78.2034,26.23568],[78.20303,26.23591],[78.20218,26.23656],[78.20183,26.23669],[78.20089,26.23682],[78.20033,26.23693]]}},{"type":"Feature","properties":{"highway":"primary"},"geometry":{"type":"LineString","coordinates":[[78.20045,26.23699],[78.20087,26.23687],[78.20163,26.23677],[78.20208,26.23667],[78.2024,26.23649],[78.20322,26.23584],[78.20359,26.23565],[78.20422,26.23543],[78.20679,26.23458],[78.2072,26.23447],[78.20734,26.23442]]}},{"type":"Feature","properties":{"highway":"primary"},"geometry":{"type":"LineString","coordinates":[[78.14621,26.20583],[78.14616,26.20655],[78.14616,26.208]]}},{"type":"Feature","properties":{},"geometry":{"type":"LineString","coordinates":[[78.14391,26.19877],[78.1437,26.19867]]}},{"type":"Feature","properties":{},"geometry":{"type":"LineString","coordinates":[[78.1437,26.19867],[78.14354,26.1986]]}},{"type":"Feature","properties":{"highway":"primary"},"geometry":{"type":"LineString","coordinates":[[78.14615,26.20824],[78.14615,26.2083],[78.14606,26.20928],[78.14589,26.21027],[78.14568,26.21186],[78.1457,26.21202],[78.14591,26.21265]]}},{"type":"Feature","properties":{"highway":"primary"},"geometry":{"type":"LineString","coordinates":[[78.14616,26.208],[78.14615,26.20824]]}},{"type":"Feature","properties":{},"geometry":{"type":"LineString","coordinates":[[78.14421,26.20841],[78.14409,26.20814],[78.14385,26.20718],[78.14333,26.20589]]}},{"type":"Feature","properties":{},"geometry":{"type":"LineString","coordinates":[[78.14425,26.20847],[78.14421,26.20841]]}},{"type":"Feature","properties":{"highway":"primary"},"geometry":{"type":"LineString","coordinates":[[78.14279,26.209],[78.1422,26.20834],[78.14189,26.20792],[78.14168,26.20755],[78.14159,26.20722],[78.14126,26.20655],[78.14096,26.20602],[78.14058,26.20556],[78.13984,26.20455],[78.13908,26.20343],[78.13839,26.20249],[78.13783,26.20148],[78.13753,26.2013],[78.13704,26.20116],[78.13685,26.20116],[78.13556,26.20137]]}},{"type":"Feature","properties":{"highway":"primary"},"geometry":{"type":"LineString","coordinates":[[78.14287,26.2091],[78.14279,26.209]]}},{"type":"Feature","properties":{"highway":"primary"},"geometry":{"type":"LineString","coordinates":[[78.14342,26.20586],[78.14333,26.20589],[78.14301,26.20601],[78.14126,26.20655]]}},{"type":"Feature","properties":{"highway":"primary"},"geometry":{"type":"LineString","coordinates":[[78.14357,26.20581],[78.14342,26.20586]]}},{"type":"Feature","properties":{},"geometry":{"type":"LineString","coordinates":[[78.14174,26.20119],[78.14196,26.20119]]}},{"type":"Feature","properties":{},"geometry":{"type":"LineString","coordinates":[[78.13839,26.20249],[78.13884,26.20227],[78.13911,26.20208],[78.13995,26.20189],[78.14019,26.20188],[78.14085,26.20169],[78.14154,26.20123],[78.14174,26.20119]]}},{"type":"Feature","properties":{},"geometry":{"type":"LineString","coordinates":[[78.21597,26.23663],[78.21627,26.23615],[78.2165,26.23573],[78.21666,26.23527],[78.21656,26.23447],[78.21656,26.23386],[78.21662,26.23343],[78.21706,26.23187],[78.21728,26.23126],[78.21725,26.23116]]}},{"type":"Feature","properties":{},"geometry":{"type":"LineString","coordinates":[[78.18453,26.30503],[78.18321,26.30567]]}},{"type":"Feature","properties":{},"geometry":{"type":"LineString","coordinates":[[78.18321,26.30567],[78.18244,26.306]]}},{"type":"Feature","properties":{"highway":"primary"},"geometry":{"type":"LineString","coordinates":[[78.12806,26.11673],[78.12792,26.11644]]}},{"type":"Feature","properties":{"highway":"primary"},"geometry":{"type":"LineString","coordinates":[[78.12792,26.11644],[78.12795,26.1159],[78.12809,26.11548],[78.12817,26.115]]}},{"type":"Feature","properties":{"highway":"primary"},"geometry":{"type":"LineString","coordinates":[[78.13614,26.13793],[78.13628,26.1377]]}},{"type":"Feature","properties":{"highway":"primary"},"geometry":{"type":"LineString","coordinates":[[78.13628,26.1377],[78.13641,26.13734],[78.13627,26.13708],[78.13532,26.13624],[78.13469,26.13559],[78.13368,26.13442],[78.13312,26.13383],[78.13185,26.1327],[78.13146,26.13231],[78.13126,26.13187],[78.13097,26.13081],[78.13064,26.12944],[78.13042,26.12872],[78.13032,26.12853],[78.12992,26.12794],[78.1294,26.12734],[78.12895,26.12671],[78.12827,26.12547],[78.12781,26.12446],[78.1276,26.12408],[78.12712,26.12317],[78.12699,26.12277],[78.12699,26.12259],[78.12731,26.12035],[78.1276,26.11868],[78.12777,26.1183],[78.12816,26.11715],[78.12816,26.11696],[78.12806,26.11673]]}},{"type":"Feature","properties":{"highway":"primary"},"geometry":{"type":"LineString","coordinates":[[78.14024,26.14748],[78.14022,26.14734],[78.13997,26.14629],[78.13935,26.14409],[78.13926,26.14362],[78.1391,26.14334],[78.13757,26.14039],[78.13737,26.14012],[78.13605,26.1385],[78.13599,26.13828],[78.13614,26.13793]]}},{"type":"Feature","properties":{},"geometry":{"type":"LineString","coordinates":[[78.17753,26.19265],[78.17755,26.19271],[78.17789,26.19372],[78.17828,26.195],[78.17841,26.1955],[78.17859,26.19639],[78.17867,26.19696],[78.17878,26.19742],[78.17837,26.19785],[78.17781,26.1985],[78.17721,26.19915]]}},{"type":"Feature","properties":{},"geometry":{"type":"LineString","coordinates":[[78.18786,26.20119],[78.18786,26.20064],[78.18797,26.20025],[78.1883,26.19982],[78.18858,26.19976],[78.18917,26.19977],[78.18993,26.19942],[78.19029,26.19912],[78.19082,26.19887],[78.19124,26.19882],[78.19198,26.19878],[78.19273,26.19861],[78.19336,26.19841],[78.19413,26.19809],[78.1945,26.19777],[78.19536,26.19757],[78.19559,26.19761],[78.19567,26.19765]]}},{"type":"Feature","properties":{},"geometry":{"type":"LineString","coordinates":[[78.18475,26.19742],[78.18474,26.19643],[78.18477,26.19473],[78.18475,26.1927],[78.18485,26.19215],[78.18484,26.19197],[78.18438,26.19071],[78.18436,26.19065]]}},{"type":"Feature","properties":{"highway":"primary"},"geometry":{"type":"LineString","coordinates":[[78.17431,26.16774],[78.17355,26.16773],[78.17318,26.1676],[78.17163,26.16688],[78.17102,26.16656],[78.16995,26.16597],[78.16737,26.16462],[78.16447,26.16302],[78.16174,26.16161],[78.16141,26.16143],[78.15996,26.16069],[78.15914,26.16023],[78.15857,26.15996],[78.15561,26.15844],[78.15258,26.15682],[78.1522,26.1566],[78.15214,26.15656],[78.15165,26.15627],[78.15132,26.15604],[78.14919,26.15431]]}},{"type":"Feature","properties":{},"geometry":{"type":"LineString","coordinates":[[78.15218,26.15649],[78.15214,26.15656],[78.15213,26.15667],[78.15201,26.15801],[78.15191,26.16063],[78.15189,26.16108],[78.15166,26.16291],[78.15156,26.1633],[78.15092,26.1647],[78.15081,26.16503],[78.15062,26.16824],[78.15054,26.16885],[78.15023,26.17082],[78.14967,26.17286],[78.14958,26.1737],[78.14946,26.17391]]}},{"type":"Feature","properties":{},"geometry":{"type":"LineString","coordinates":[[78.14964,26.17608],[78.14968,26.17556],[78.14964,26.17388],[78.14972,26.17307],[78.14997,26.17206],[78.15013,26.17159],[78.1503,26.17097],[78.15047,26.16984],[78.15054,26.16931],[78.15067,26.16851],[78.15075,26.16781],[78.15075,26.16726],[78.15092,26.16551],[78.15093,26.16511],[78.15105,26.16472],[78.15164,26.16332],[78.15174,26.16292],[78.15197,26.16109],[78.152,26.16064],[78.1521,26.15801],[78.15218,26.15726],[78.15221,26.15672],[78.1522,26.1566],[78.15218,26.15649]]}},{"type":"Feature","properties":{},"geometry":{"type":"LineString","coordinates":[[78.15218,26.15649],[78.15219,26.15623],[78.15233,26.15597],[78.15287,26.15567],[78.15302,26.15544],[78.15304,26.1546],[78.15313,26.1537],[78.15324,26.15305],[78.15351,26.15259],[78.15438,26.15158],[78.15447,26.15114],[78.15456,26.15103]]}},{"type":"Feature","properties":{},"geometry":{"type":"LineString","coordinates":[[78.21002,26.18358],[78.20889,26.18411],[78.20823,26.18451],[78.20739,26.18498],[78.20631,26.18548],[78.20567,26.18584],[78.20488,26.18633],[78.20452,26.18661],[78.20436,26.18679],[78.20418,26.18713],[78.20393,26.18778],[78.20379,26.18801],[78.20352,26.18819],[78.20288,26.1885],[78.20222,26.18899],[78.2021,26.18915],[78.20197,26.18965],[78.20205,26.19012],[78.2023,26.19069],[78.20277,26.19172],[78.20334,26.19283],[78.2035,26.19311],[78.20358,26.19319]]}},{"type":"Feature","properties":{},"geometry":{"type":"LineString","coordinates":[[78.19813,26.19473],[78.19804,26.1947],[78.19789,26.19457],[78.19762,26.19404],[78.19749,26.19304],[78.1974,26.19263],[78.19713,26.19124],[78.19686,26.19006]]}},{"type":"Feature","properties":{},"geometry":{"type":"LineString","coordinates":[[78.18277,26.19106],[78.18438,26.19071],[78.18471,26.19064],[78.18497,26.19064],[78.18562,26.19081],[78.18599,26.19082],[78.18711,26.19073],[78.18773,26.19078],[78.18814,26.19075],[78.18858,26.19056]]}},{"type":"Feature","properties":{},"geometry":{"type":"LineString","coordinates":[[78.2021,26.18915],[78.20043,26.18932],[78.20007,26.18929],[78.19922,26.189],[78.19875,26.189],[78.19827,26.18913],[78.19786,26.18938],[78.19723,26.1899],[78.19686,26.19006],[78.19589,26.19034],[78.19537,26.19034],[78.19453,26.19031],[78.19389,26.19026],[78.19323,26.19038],[78.19013,26.1902],[78.18939,26.19034],[78.18858,26.19056]]}},{"type":"Feature","properties":{},"geometry":{"type":"LineString","coordinates":[[78.18197,26.19143],[78.18156,26.19157],[78.17753,26.19265],[78.17367,26.19359],[78.17352,26.19367]]}},{"type":"Feature","properties":{},"geometry":{"type":"LineString","coordinates":[[78.18858,26.19056],[78.18813,26.19068],[78.18773,26.19071],[78.1871,26.19066],[78.18599,26.19075],[78.18563,26.19075],[78.18499,26.19058],[78.1847,26.19057],[78.18436,26.19065],[78.18311,26.19092],[78.18277,26.19106]]}},{"type":"Feature","properties":{},"geometry":{"type":"LineString","coordinates":[[78.17352,26.19367],[78.1737,26.19365],[78.17755,26.19271],[78.18159,26.19163],[78.18197,26.19143]]}},{"type":"Feature","properties":{"highway":"primary"},"geometry":{"type":"LineString","coordinates":[[78.17276,26.19354],[78.17274,26.19359],[78.17275,26.19362],[78.17287,26.19365],[78.1729,26.19361],[78.17288,26.19354],[78.17276,26.19354]]}},{"type":"Feature","properties":{},"geometry":{"type":"LineString","coordinates":[[78.17352,26.19367],[78.17332,26.1937],[78.1729,26.19361]]}},{"type":"Feature","properties":{"highway":"primary"},"geometry":{"type":"LineString","coordinates":[[78.17275,26.19362],[78.17265,26.19471],[78.1727,26.1953],[78.17278,26.19567],[78.17322,26.19748]]}},{"type":"Feature","properties":{"highway":"primary"},"geometry":{"type":"LineString","coordinates":[[78.1733,26.19747],[78.17285,26.19566],[78.17277,26.19529],[78.17273,26.19471],[78.1728,26.19391],[78.17287,26.19365]]}},{"type":"Feature","properties":{},"geometry":{"type":"LineString","coordinates":[[78.18246,26.19119],[78.18197,26.19143]]}},{"type":"Feature","properties":{},"geometry":{"type":"LineString","coordinates":[[78.21487,26.17846],[78.21471,26.17856],[78.21312,26.17992],[78.211,26.18202],[78.2108,26.18225],[78.21049,26.1827],[78.21003,26.18352],[78.21002,26.18358]]}},{"type":"Feature","properties":{},"geometry":{"type":"LineString","coordinates":[[78.21002,26.18358],[78.21022,26.18341],[78.21064,26.1826],[78.21079,26.18239],[78.21123,26.18188],[78.21317,26.17996],[78.21462,26.17872],[78.21492,26.17853]]}},{"type":"Feature","properties":{},"geometry":{"type":"LineString","coordinates":[[78.21494,26.17838],[78.21487,26.17846],[78.21492,26.17853],[78.21495,26.17853],[78.21503,26.1785],[78.21502,26.1784],[78.21494,26.17838]]}},{"type":"Feature","properties":{},"geometry":{"type":"LineString","coordinates":[[78.21502,26.1784],[78.21512,26.17826],[78.2158,26.17703]]}},{"type":"Feature","properties":{},"geometry":{"type":"LineString","coordinates":[[78.21948,26.17328],[78.2177,26.17469],[78.21733,26.17507],[78.21648,26.1761],[78.2158,26.17703]]}},{"type":"Feature","properties":{},"geometry":{"type":"LineString","coordinates":[[78.22231,26.17122],[78.22222,26.17126],[78.22089,26.17227],[78.2196,26.17314],[78.21948,26.17328]]}},{"type":"Feature","properties":{},"geometry":{"type":"LineString","coordinates":[[78.21948,26.17328],[78.21959,26.17326],[78.22094,26.17231],[78.22169,26.17174],[78.22235,26.17128]]}},{"type":"Feature","properties":{},"geometry":{"type":"LineString","coordinates":[[78.22466,26.19346],[78.22511,26.19209],[78.22659,26.18763]]}},{"type":"Feature","properties":{},"geometry":{"type":"LineString","coordinates":[[78.22659,26.18763],[78.22676,26.18735],[78.2269,26.18679],[78.22692,26.18634],[78.22685,26.18591],[78.22653,26.185],[78.22652,26.18482],[78.22669,26.18467],[78.22841,26.1838],[78.22888,26.18368],[78.23016,26.18366]]}},{"type":"Feature","properties":{},"geometry":{"type":"LineString","coordinates":[[78.23009,26.18352],[78.22889,26.18359],[78.22837,26.18372],[78.22657,26.18461],[78.22633,26.18481],[78.22678,26.18592],[78.22685,26.18634],[78.22683,26.18678],[78.22663,26.18735],[78.22659,26.18763]]}},{"type":"Feature","properties":{},"geometry":{"type":"LineString","coordinates":[[78.22275,26.20047],[78.22285,26.20055],[78.22336,26.20056],[78.22393,26.20044],[78.22405,26.20027],[78.22412,26.19944],[78.22408,26.19898],[78.22389,26.1984],[78.22381,26.19758],[78.22379,26.19725],[78.22383,26.19692],[78.22382,26.19644],[78.22385,26.19607],[78.22427,26.1945],[78.22447,26.1939],[78.22466,26.19346]]}},{"type":"Feature","properties":{},"geometry":{"type":"LineString","coordinates":[[78.22267,26.20058],[78.22302,26.20064],[78.22337,26.20062],[78.22396,26.2005],[78.22417,26.20025],[78.2242,26.19914],[78.22399,26.19848],[78.22392,26.19758],[78.22389,26.19644],[78.22392,26.19607],[78.22434,26.19452],[78.22465,26.1937],[78.22466,26.19346]]}},{"type":"Feature","properties":{},"geometry":{"type":"LineString","coordinates":[[78.22249,26.20039],[78.22248,26.20042],[78.22252,26.20057],[78.22254,26.20058],[78.22264,26.20059],[78.22267,26.20058],[78.22275,26.20047],[78.22269,26.20036],[78.22249,26.20039]]}},{"type":"Feature","properties":{},"geometry":{"type":"LineString","coordinates":[[78.22257,26.20109],[78.22264,26.20059]]}},{"type":"Feature","properties":{},"geometry":{"type":"LineString","coordinates":[[78.21545,26.18728],[78.2154,26.18736],[78.21546,26.18744],[78.21552,26.18744],[78.21557,26.18741],[78.21551,26.18727],[78.21545,26.18728]]}},{"type":"Feature","properties":{},"geometry":{"type":"LineString","coordinates":[[78.21552,26.18744],[78.21561,26.18757],[78.21626,26.18932],[78.21678,26.19076],[78.217,26.19107],[78.21786,26.19133],[78.21845,26.19155],[78.21874,26.19172],[78.21883,26.19186],[78.21907,26.19252],[78.2191,26.1927],[78.21897,26.19388],[78.21889,26.19451],[78.21889,26.19472],[78.21905,26.19518],[78.21944,26.19601],[78.21988,26.19683],[78.22002,26.19704],[78.22109,26.19821],[78.22242,26.20007],[78.22249,26.20039]]}},{"type":"Feature","properties":{},"geometry":{"type":"LineString","coordinates":[[78.22269,26.20036],[78.2225,26.20003],[78.22116,26.19817],[78.22074,26.19775],[78.2201,26.197],[78.21988,26.1967],[78.21957,26.1961],[78.21902,26.19491],[78.21898,26.19465],[78.21905,26.19388],[78.21918,26.19279],[78.21915,26.19253],[78.21892,26.19188],[78.2186,26.19152],[78.21814,26.19134],[78.21716,26.19103],[78.217,26.19096],[78.21684,26.1907],[78.21634,26.18931],[78.21564,26.1875],[78.21557,26.18741]]}},{"type":"Feature","properties":{},"geometry":{"type":"LineString","coordinates":[[78.19634,26.19893],[78.19624,26.19885],[78.19558,26.19819],[78.19554,26.19793],[78.19567,26.19765],[78.19596,26.19715],[78.19621,26.19687],[78.19679,26.1965],[78.19723,26.19609],[78.19768,26.19575],[78.19801,26.19531],[78.19813,26.19473],[78.19843,26.19445],[78.19881,26.19426],[78.19915,26.19416],[78.20004,26.19404],[78.20292,26.19371],[78.20307,26.19367],[78.20336,26.19348],[78.20358,26.19319],[78.20386,26.19295],[78.20441,26.19272],[78.20525,26.19264],[78.2062,26.19242],[78.20647,26.19241],[78.20689,26.19258],[78.20853,26.1934],[78.20907,26.19357],[78.20949,26.19361],[78.20998,26.19345],[78.21173,26.19199],[78.21256,26.19134],[78.21285,26.19115],[78.21358,26.19077],[78.21396,26.19046],[78.21446,26.18964],[78.21459,26.18938]]}},{"type":"Feature","properties":{},"geometry":{"type":"LineString","coordinates":[[78.2154,26.18736],[78.21482,26.18875],[78.21455,26.18928]]}},{"type":"Feature","properties":{},"geometry":{"type":"LineString","coordinates":[[78.21513,26.18377],[78.2151,26.18387],[78.21523,26.18451],[78.21528,26.18494],[78.21543,26.18673],[78.21545,26.18728]]}},{"type":"Feature","properties":{},"geometry":{"type":"LineString","coordinates":[[78.21558,26.18234],[78.21561,26.18225],[78.21541,26.18124],[78.21511,26.17915],[78.21503,26.1785]]}},{"type":"Feature","properties":{},"geometry":{"type":"LineString","coordinates":[[78.21495,26.17853],[78.21512,26.17978],[78.21538,26.18136],[78.21554,26.18227],[78.21558,26.18234]]}},{"type":"Feature","properties":{},"geometry":{"type":"LineString","coordinates":[[78.21558,26.18234],[78.21557,26.18273],[78.21546,26.18293],[78.21514,26.1833],[78.21513,26.18377]]}},{"type":"Feature","properties":{},"geometry":{"type":"LineString","coordinates":[[78.21551,26.18727],[78.21532,26.18462],[78.21519,26.18386],[78.21513,26.18377]]}},{"type":"Feature","properties":{},"geometry":{"type":"LineString","coordinates":[[78.22652,26.18482],[78.22633,26.18481],[78.22611,26.18487],[78.22578,26.18512],[78.22506,26.18576],[78.22481,26.18593],[78.22378,26.18644],[78.2231,26.1869],[78.22231,26.18741],[78.22179,26.18771]]}},{"type":"Feature","properties":{},"geometry":{"type":"LineString","coordinates":[[78.17376,26.19918],[78.1736,26.19843],[78.17363,26.19828]]}},{"type":"Feature","properties":{"highway":"primary"},"geometry":{"type":"LineString","coordinates":[[78.17373,26.19803],[78.17362,26.19797],[78.17339,26.19811],[78.17342,26.19822],[78.17363,26.19828],[78.17369,26.19826],[78.17373,26.19803]]}},{"type":"Feature","properties":{},"geometry":{"type":"LineString","coordinates":[[78.17342,26.19822],[78.17366,26.1992]]}},{"type":"Feature","properties":{},"geometry":{"type":"LineString","coordinates":[[78.17364,26.19924],[78.17207,26.19941],[78.17176,26.19947],[78.17086,26.19975],[78.16747,26.20055],[78.16713,26.20053],[78.16699,26.20037],[78.16691,26.2001],[78.16667,26.1995],[78.16626,26.19842]]}},{"type":"Feature","properties":{},"geometry":{"type":"LineString","coordinates":[[78.17997,26.20196],[78.18,26.20216],[78.18028,26.203],[78.18058,26.20433],[78.18067,26.20442]]}},{"type":"Feature","properties":{},"geometry":{"type":"LineString","coordinates":[[78.18067,26.20442],[78.18075,26.2039],[78.18077,26.20374],[78.18049,26.20261],[78.18022,26.20201],[78.18011,26.20191]]}},{"type":"Feature","properties":{},"geometry":{"type":"LineString","coordinates":[[78.15571,26.19135],[78.15593,26.19117],[78.15631,26.19096],[78.15867,26.18992],[78.15916,26.18982],[78.15953,26.18983],[78.16024,26.18997],[78.16165,26.19043],[78.16263,26.19107],[78.16321,26.1914]]}},{"type":"Feature","properties":{},"geometry":{"type":"LineString","coordinates":[[78.15559,26.19119],[78.15552,26.19119],[78.15542,26.19128],[78.15543,26.19138],[78.15561,26.19145],[78.15571,26.19135],[78.15559,26.19119]]}},{"type":"Feature","properties":{},"geometry":{"type":"LineString","coordinates":[[78.15202,26.19298],[78.15455,26.1921],[78.15536,26.19178]]}},{"type":"Feature","properties":{},"geometry":{"type":"LineString","coordinates":[[78.12714,26.24696],[78.126,26.24732],[78.12542,26.24739],[78.12456,26.2473],[78.12431,26.24724],[78.12366,26.24698],[78.12312,26.24669],[78.1226,26.24627],[78.12174,26.24595],[78.12121,26.24587],[78.11883,26.24565],[78.11764,26.24551],[78.11708,26.24555],[78.11473,26.24631],[78.11315,26.24697],[78.11099,26.24783],[78.11007,26.24816],[78.10929,26.24836],[78.10889,26.24844],[78.10851,26.24846],[78.10779,26.24845],[78.10704,26.24856],[78.10469,26.24975],[78.10431,26.2498],[78.10399,26.24963],[78.10344,26.24921],[78.10281,26.24862],[78.10239,26.24812],[78.10154,26.24699],[78.10133,26.24683],[78.10088,26.24659],[78.10063,26.24654],[78.10031,26.24659],[78.09971,26.2469],[78.09796,26.24819],[78.09778,26.24828],[78.09733,26.24834],[78.0957,26.24829],[78.09192,26.24825],[78.09158,26.24827]]}},{"type":"Feature","properties":{},"geometry":{"type":"LineString","coordinates":[[78.11507,26.20398],[78.11413,26.20401],[78.11358,26.20407],[78.11297,26.20419],[78.11153,26.20472],[78.11118,26.2048],[78.10727,26.20528],[78.10599,26.20547],[78.10441,26.20564],[78.10259,26.2058],[78.09914,26.20614],[78.09831,26.20625],[78.09697,26.20647],[78.09618,26.20657],[78.09539,26.20659],[78.09389,26.20668],[78.09189,26.20681],[78.09142,26.20691],[78.09017,26.20731],[78.08981,26.20738],[78.08815,26.20754],[78.08793,26.20763]]}},{"type":"Feature","properties":{},"geometry":{"type":"LineString","coordinates":[[78.0837,26.20804],[78.08363,26.20801],[78.08168,26.20813],[78.08067,26.20819],[78.07874,26.20824],[78.07747,26.20829],[78.07655,26.20841],[78.07533,26.20866],[78.07397,26.20906],[78.07264,26.2095],[78.07198,26.2096],[78.06981,26.20968],[78.06943,26.20971],[78.06908,26.2098],[78.06718,26.21052],[78.06708,26.2106]]}},{"type":"Feature","properties":{},"geometry":{"type":"LineString","coordinates":[[78.06708,26.2106],[78.0672,26.2106],[78.06912,26.20989],[78.06982,26.20981],[78.07199,26.20973],[78.07268,26.20963],[78.07406,26.20918],[78.07537,26.20879],[78.07657,26.20854],[78.07748,26.20842],[78.07876,26.20837],[78.08068,26.20832],[78.08169,26.20827],[78.08364,26.20811],[78.0837,26.20804]]}},{"type":"Feature","properties":{},"geometry":{"type":"LineString","coordinates":[[78.08793,26.20763],[78.08815,26.20768],[78.08984,26.20751],[78.09021,26.20744],[78.09147,26.20704],[78.09191,26.20695],[78.0939,26.20681],[78.09539,26.20673],[78.09619,26.2067],[78.09699,26.2066],[78.09833,26.20638],[78.09916,26.20627],[78.10261,26.20594],[78.10443,26.20577],[78.10601,26.2056],[78.1073,26.20541],[78.11121,26.20493],[78.11158,26.20484],[78.11304,26.20432],[78.1136,26.20421],[78.11414,26.20415],[78.11509,26.20414]]}},{"type":"Feature","properties":{},"geometry":{"type":"LineString","coordinates":[[78.0657,26.21046],[78.06524,26.21012],[78.06194,26.20807],[78.06141,26.2078],[78.0609,26.20762],[78.06045,26.20752],[78.05927,26.20739],[78.05619,26.20701],[78.05551,26.20678],[78.05492,26.20675],[78.0542,26.20682],[78.05401,26.20688],[78.05317,26.20735],[78.05262,26.20753],[78.05228,26.20754],[78.04716,26.20703],[78.04672,26.20702],[78.04125,26.2074],[78.04081,26.20747],[78.03927,26.20799],[78.03858,26.20832],[78.03791,26.20871],[78.03739,26.20912],[78.037,26.20954]]}},{"type":"Feature","properties":{},"geometry":{"type":"LineString","coordinates":[[78.08903,26.25258],[78.08869,26.25153]]}},{"type":"Feature","properties":{},"geometry":{"type":"LineString","coordinates":[[78.08903,26.25258],[78.08899,26.25264],[78.08948,26.25378],[78.08998,26.25489],[78.09025,26.25542],[78.09086,26.25638],[78.09145,26.25747],[78.09199,26.25843],[78.09309,26.26036],[78.0934,26.26084],[78.09413,26.26191],[78.09481,26.26299],[78.09521,26.26376],[78.09543,26.26403],[78.09621,26.26484],[78.09651,26.26522],[78.09712,26.26623],[78.09743,26.26664],[78.09926,26.26855],[78.10022,26.26948],[78.10074,26.26995],[78.10183,26.27118],[78.10279,26.27221],[78.10349,26.27285],[78.10551,26.27439],[78.10778,26.27608],[78.10846,26.27668],[78.10997,26.27779],[78.11019,26.27789],[78.11056,26.27793],[78.11463,26.27741],[78.11509,26.27737],[78.11619,26.27733],[78.11762,26.27724],[78.11805,26.27714],[78.12264,26.2753],[78.12492,26.27439],[78.12828,26.27321],[78.12961,26.27275],[78.13178,26.27184],[78.13253,26.27158]]}},{"type":"Feature","properties":{},"geometry":{"type":"LineString","coordinates":[[78.13254,26.27137],[78.13174,26.27177],[78.13036,26.27232],[78.12952,26.27268],[78.12824,26.27313],[78.12521,26.27419],[78.12264,26.2752],[78.12079,26.27595],[78.11802,26.27706],[78.11761,26.27716],[78.11626,26.27724],[78.11475,26.27729],[78.1139,26.27739],[78.11056,26.27782],[78.1102,26.27779],[78.10993,26.27765],[78.10841,26.2765],[78.10783,26.27601],[78.10356,26.27279],[78.10286,26.27215],[78.10191,26.27112],[78.10081,26.26989],[78.10029,26.26942],[78.09933,26.26849],[78.0975,26.26659],[78.0972,26.26619],[78.09659,26.26518],[78.09629,26.26479],[78.0955,26.26398],[78.09529,26.26372],[78.09489,26.26295],[78.09421,26.26187],[78.09355,26.26091],[78.09309,26.26015],[78.0919,26.25811],[78.09097,26.25639],[78.09034,26.25538],[78.09003,26.25474],[78.08953,26.25367],[78.08909,26.25262],[78.08903,26.25258]]}},{"type":"Feature","properties":{"highway":"primary"},"geometry":{"type":"LineString","coordinates":[[78.13362,26.27111],[78.13346,26.27113],[78.13282,26.27139]]}},{"type":"Feature","properties":{"highway":"primary"},"geometry":{"type":"LineString","coordinates":[[78.13279,26.27159],[78.13353,26.2712],[78.13362,26.27111]]}},{"type":"Feature","properties":{},"geometry":{"type":"LineString","coordinates":[[78.09158,26.24827],[78.09178,26.24869],[78.09183,26.24905],[78.0917,26.24936],[78.09152,26.2496],[78.09115,26.24992],[78.09086,26.25038],[78.09077,26.25088],[78.09062,26.25123],[78.0902,26.25146],[78.08975,26.25155],[78.08942,26.25156],[78.08869,26.25153],[78.08796,26.25146],[78.08766,26.25141],[78.08711,26.25124],[78.08636,26.25113],[78.08495,26.25101],[78.08476,26.2509],[78.08363,26.24909],[78.08357,26.24807],[78.08352,26.24771]]}},{"type":"Feature","properties":{},"geometry":{"type":"LineString","coordinates":[[78.08379,26.20803],[78.08379,26.20812],[78.08431,26.20916],[78.08456,26.20957],[78.08744,26.21342],[78.08801,26.21395],[78.08879,26.21461],[78.08965,26.21546],[78.09072,26.2166],[78.09087,26.21683],[78.09097,26.2171],[78.09124,26.21836],[78.09122,26.21858],[78.08963,26.22106],[78.08879,26.22229],[78.08754,26.2239],[78.08678,26.22477],[78.08652,26.22524],[78.08638,26.2257],[78.08616,26.22628],[78.0856,26.22756],[78.08554,26.22805],[78.0854,26.22951],[78.08536,26.23079],[78.08527,26.2312],[78.08447,26.23211],[78.0844,26.23249],[78.0847,26.23426],[78.08481,26.23493],[78.0848,26.23524],[78.08469,26.23613],[78.0845,26.23691],[78.08447,26.23742],[78.08453,26.23787],[78.08493,26.24037],[78.08527,26.24251],[78.08549,26.24366],[78.0859,26.24553]]}},{"type":"Feature","properties":{"highway":"primary"},"geometry":{"type":"LineString","coordinates":[[78.20727,26.23432],[78.20652,26.23368],[78.20346,26.23128],[78.20221,26.23032],[78.20136,26.22964],[78.19749,26.2266],[78.19697,26.22621],[78.1962,26.22559],[78.19608,26.2255],[78.19315,26.22318],[78.19263,26.22276],[78.19053,26.22111]]}},{"type":"Feature","properties":{},"geometry":{"type":"LineString","coordinates":[[78.2008,26.22158],[78.2012,26.22162]]}},{"type":"Feature","properties":{},"geometry":{"type":"LineString","coordinates":[[78.2009,26.22136],[78.2003,26.22189],[78.2,26.22205]]}},{"type":"Feature","properties":{"highway":"primary"},"geometry":{"type":"LineString","coordinates":[[78.1999,26.22198],[78.19871,26.22068],[78.19704,26.21913],[78.19505,26.21725],[78.19436,26.21653],[78.19413,26.21614],[78.19407,26.21596],[78.19388,26.21501],[78.19377,26.21486],[78.19257,26.21392]]}},{"type":"Feature","properties":{"highway":"primary"},"geometry":{"type":"LineString","coordinates":[[78.19973,26.22211],[78.1998,26.22221],[78.1999,26.22223],[78.20001,26.22215],[78.2,26.22205],[78.1999,26.22198],[78.19973,26.22211]]}},{"type":"Feature","properties":{},"geometry":{"type":"LineString","coordinates":[[78.2009,26.22136],[78.20095,26.22147],[78.20098,26.22147],[78.20103,26.22136],[78.2009,26.22136]]}},{"type":"Feature","properties":{"highway":"primary"},"geometry":{"type":"LineString","coordinates":[[78.1998,26.22221],[78.1997,26.22236],[78.19863,26.22336],[78.19829,26.22362],[78.19783,26.22383],[78.19745,26.22407],[78.19608,26.2255],[78.19602,26.22556]]}},{"type":"Feature","properties":{},"geometry":{"type":"LineString","coordinates":[[78.20831,26.2274],[78.20677,26.22603],[78.20602,26.22541],[78.20384,26.22353],[78.20307,26.22294],[78.20215,26.22216],[78.2014,26.2216],[78.20103,26.22136]]}},{"type":"Feature","properties":{},"geometry":{"type":"LineString","coordinates":[[78.20098,26.22147],[78.2012,26.22162],[78.20206,26.22224],[78.20301,26.22301],[78.20377,26.2236],[78.20466,26.22436],[78.20593,26.22549],[78.2067,26.2261],[78.20824,26.22745]]}},{"type":"Feature","properties":{},"geometry":{"type":"LineString","coordinates":[[78.20001,26.22215],[78.20019,26.22209],[78.2008,26.22158],[78.20095,26.22147]]}},{"type":"Feature","properties":{},"geometry":{"type":"LineString","coordinates":[[78.1777,26.2111],[78.17927,26.2124]]}},{"type":"Feature","properties":{},"geometry":{"type":"LineString","coordinates":[[78.17773,26.21101],[78.17757,26.21086]]}},{"type":"Feature","properties":{},"geometry":{"type":"LineString","coordinates":[[78.17927,26.2124],[78.1795,26.21254],[78.18062,26.21307],[78.18076,26.21311],[78.18134,26.2132],[78.18192,26.21318]]}},{"type":"Feature","properties":{},"geometry":{"type":"LineString","coordinates":[[78.17716,26.21235],[78.17723,26.21219],[78.17755,26.21099],[78.1771,26.21051]]}},{"type":"Feature","properties":{},"geometry":{"type":"LineString","coordinates":[[78.1771,26.21051],[78.17635,26.20995]]}},{"type":"Feature","properties":{},"geometry":{"type":"LineString","coordinates":[[78.17625,26.21002],[78.17745,26.21092]]}},{"type":"Feature","properties":{},"geometry":{"type":"LineString","coordinates":[[78.17929,26.2123],[78.17773,26.21101]]}},{"type":"Feature","properties":{},"geometry":{"type":"LineString","coordinates":[[78.18192,26.2131],[78.18129,26.21314],[78.18102,26.21311],[78.18063,26.21298],[78.17991,26.21265],[78.17929,26.2123]]}},{"type":"Feature","properties":{},"geometry":{"type":"LineString","coordinates":[[78.23141,26.20389],[78.23198,26.20306],[78.23274,26.20202],[78.23308,26.20124],[78.23347,26.20072],[78.23404,26.1999],[78.23477,26.19914],[78.2356,26.1981],[78.23571,26.1979],[78.2358,26.19745],[78.23589,26.19722],[78.2373,26.19527],[78.23751,26.19493]]}},{"type":"Feature","properties":{},"geometry":{"type":"LineString","coordinates":[[78.22381,26.19758],[78.22392,26.19758],[78.22467,26.19742],[78.22528,26.19733],[78.22591,26.19734],[78.2263,26.19689],[78.22681,26.19642],[78.22782,26.19574],[78.22924,26.19484],[78.22936,26.19475]]}},{"type":"Feature","properties":{},"geometry":{"type":"LineString","coordinates":[[78.2224,26.20463],[78.22211,26.2045]]}},{"type":"Feature","properties":{},"geometry":{"type":"LineString","coordinates":[[78.22223,26.20231],[78.22217,26.20239],[78.22208,26.2029],[78.22205,26.20326],[78.22206,26.20431],[78.2221,26.20444]]}},{"type":"Feature","properties":{},"geometry":{"type":"LineString","coordinates":[[78.22237,26.20161],[78.22245,26.20151]]}},{"type":"Feature","properties":{},"geometry":{"type":"LineString","coordinates":[[78.2221,26.20444],[78.22212,26.2043],[78.22213,26.20324],[78.22225,26.2024],[78.22223,26.20231]]}},{"type":"Feature","properties":{},"geometry":{"type":"LineString","coordinates":[[78.22245,26.20109],[78.22234,26.20147]]}},{"type":"Feature","properties":{},"geometry":{"type":"LineString","coordinates":[[78.22254,26.20058],[78.22245,26.20109]]}},{"type":"Feature","properties":{},"geometry":{"type":"LineString","coordinates":[[78.21249,26.2328],[78.21246,26.2327],[78.21224,26.23211],[78.2121,26.2316],[78.21163,26.23026],[78.2111,26.22939],[78.21073,26.22893],[78.20953,26.22792],[78.20874,26.22723],[78.20863,26.2272]]}},{"type":"Feature","properties":{},"geometry":{"type":"LineString","coordinates":[[78.20824,26.22745],[78.20831,26.2274],[78.20858,26.22716],[78.20863,26.2272]]}},{"type":"Feature","properties":{},"geometry":{"type":"LineString","coordinates":[[78.18001,26.23364],[78.18057,26.23381],[78.18085,26.23387]]}},{"type":"Feature","properties":{},"geometry":{"type":"LineString","coordinates":[[78.18087,26.23381],[78.18001,26.23364]]}},{"type":"Feature","properties":{},"geometry":{"type":"LineString","coordinates":[[78.17858,26.24902],[78.17835,26.24905],[78.17805,26.24888]]}},{"type":"Feature","properties":{},"geometry":{"type":"LineString","coordinates":[[78.17796,26.24879],[78.17784,26.24924],[78.17771,26.24948]]}},{"type":"Feature","properties":{},"geometry":{"type":"LineString","coordinates":[[78.17813,26.2492],[78.17805,26.24888],[78.17816,26.24599],[78.17821,26.24465],[78.17833,26.24266],[78.17837,26.24185],[78.17845,26.24075],[78.17854,26.23927],[78.17849,26.23915]]}},{"type":"Feature","properties":{},"geometry":{"type":"LineString","coordinates":[[78.17849,26.23915],[78.17843,26.23926],[78.17838,26.23976],[78.17831,26.24167],[78.1782,26.24353],[78.17811,26.24475],[78.1781,26.24577],[78.17797,26.24823],[78.17796,26.24879],[78.17799,26.2493]]}},{"type":"Feature","properties":{},"geometry":{"type":"LineString","coordinates":[[78.1795,26.2586],[78.17919,26.25816],[78.17904,26.25758],[78.17899,26.25608],[78.17882,26.25475],[78.17859,26.25377],[78.17839,26.25274],[78.17829,26.25207]]}},{"type":"Feature","properties":{},"geometry":{"type":"LineString","coordinates":[[78.17806,26.25064],[78.17796,26.24994],[78.17807,26.24946]]}},{"type":"Feature","properties":{"highway":"primary"},"geometry":{"type":"LineString","coordinates":[[78.17711,26.24984],[78.17723,26.24983],[78.17803,26.24946]]}},{"type":"Feature","properties":{"highway":"primary"},"geometry":{"type":"LineString","coordinates":[[78.17796,26.24936],[78.17771,26.24948],[78.17719,26.24975],[78.17711,26.24984]]}},{"type":"Feature","properties":{"highway":"primary"},"geometry":{"type":"LineString","coordinates":[[78.17912,26.2488],[78.17858,26.24902],[78.17821,26.2492]]}},{"type":"Feature","properties":{"highway":"primary"},"geometry":{"type":"LineString","coordinates":[[78.17829,26.2493],[78.17903,26.2489],[78.17912,26.2488]]}},{"type":"Feature","properties":{"highway":"primary"},"geometry":{"type":"LineString","coordinates":[[78.17829,26.2493],[78.17821,26.2492],[78.17813,26.2492],[78.17799,26.2493],[78.17796,26.24936],[78.17803,26.24946],[78.17807,26.24946],[78.17829,26.2493]]}},{"type":"Feature","properties":{},"geometry":{"type":"LineString","coordinates":[[78.17876,26.23835],[78.17782,26.23807],[78.1768,26.23795],[78.17556,26.23775],[78.17508,26.23794],[78.17475,26.2382],[78.17437,26.23862],[78.17428,26.23884],[78.17427,26.23931],[78.1743,26.23975]]}},{"type":"Feature","properties":{},"geometry":{"type":"LineString","coordinates":[[78.16266,26.22791],[78.16252,26.22754],[78.16212,26.22683],[78.16155,26.22566],[78.16128,26.22479],[78.16105,26.22394],[78.16075,26.2229],[78.16061,26.22202],[78.1606,26.22085],[78.1606,26.21999],[78.16078,26.21802],[78.16075,26.21733],[78.1605,26.21613],[78.16046,26.21606]]}},{"type":"Feature","properties":{},"geometry":{"type":"LineString","coordinates":[[78.16046,26.21606],[78.16044,26.21593]]}},{"type":"Feature","properties":{},"geometry":{"type":"LineString","coordinates":[[78.1631,26.22893],[78.1629,26.22892],[78.16181,26.22855],[78.16028,26.22801],[78.1587,26.22747],[78.15841,26.22746]]}},{"type":"Feature","properties":{},"geometry":{"type":"LineString","coordinates":[[78.15841,26.22746],[78.16015,26.22806],[78.16169,26.22861],[78.1629,26.22902],[78.16315,26.22898]]}},{"type":"Feature","properties":{},"geometry":{"type":"LineString","coordinates":[[78.19821,26.23691],[78.19984,26.23699],[78.20016,26.23702],[78.20029,26.23706]]}},{"type":"Feature","properties":{},"geometry":{"type":"LineString","coordinates":[[78.23714,26.22771],[78.23709,26.22876],[78.237,26.23019],[78.23679,26.23155],[78.23639,26.23354],[78.23652,26.23647],[78.23663,26.23835],[78.23666,26.23904],[78.23681,26.24217]]}},{"type":"Feature","properties":{"highway":"primary"},"geometry":{"type":"LineString","coordinates":[[78.23714,26.22756],[78.23705,26.22765],[78.23714,26.22771],[78.23722,26.22762],[78.23714,26.22756]]}},{"type":"Feature","properties":{"highway":"primary"},"geometry":{"type":"LineString","coordinates":[[78.23705,26.22765],[78.23608,26.22777],[78.23575,26.22784],[78.23505,26.22806],[78.23381,26.22869],[78.23313,26.22907],[78.23259,26.22932],[78.23223,26.22943],[78.23195,26.22945]]}},{"type":"Feature","properties":{},"geometry":{"type":"LineString","coordinates":[[78.21181,26.24927],[78.21187,26.2492],[78.21315,26.24765],[78.21332,26.24751],[78.21371,26.2474],[78.21672,26.24747],[78.21678,26.24747]]}},{"type":"Feature","properties":{},"geometry":{"type":"LineString","coordinates":[[78.20804,26.2559],[78.20779,26.25725],[78.2073,26.26003],[78.20728,26.26013],[78.20715,26.26076],[78.20683,26.26263]]}},{"type":"Feature","properties":{},"geometry":{"type":"LineString","coordinates":[[78.20003,26.25902],[78.20014,26.25903],[78.20116,26.25917],[78.20306,26.25946],[78.20675,26.26005],[78.20705,26.26011]]}},{"type":"Feature","properties":{},"geometry":{"type":"LineString","coordinates":[[78.20706,26.26],[78.20308,26.25937],[78.20016,26.25893],[78.20005,26.25891]]}},{"type":"Feature","properties":{},"geometry":{"type":"LineString","coordinates":[[78.21289,26.25871],[78.21286,26.25865],[78.21255,26.25789],[78.21249,26.2575],[78.21253,26.25649],[78.2126,26.25579],[78.21271,26.25575],[78.21377,26.25576],[78.21494,26.25581],[78.21615,26.25565],[78.21625,26.25631],[78.21629,26.25634],[78.21735,26.2562]]}},{"type":"Feature","properties":{},"geometry":{"type":"LineString","coordinates":[[78.20802,26.2573],[78.21008,26.25737],[78.21249,26.2575]]}},{"type":"Feature","properties":{},"geometry":{"type":"LineString","coordinates":[[78.21069,26.26022],[78.21087,26.26034]]}},{"type":"Feature","properties":{},"geometry":{"type":"LineString","coordinates":[[78.21074,26.26006],[78.21047,26.26015],[78.20789,26.26005],[78.20753,26.26004],[78.20739,26.26003],[78.2073,26.26003],[78.20721,26.26003]]}},{"type":"Feature","properties":{},"geometry":{"type":"LineString","coordinates":[[78.20719,26.26013],[78.20728,26.26013],[78.20737,26.26014],[78.20751,26.26014],[78.21055,26.26023],[78.21069,26.26022],[78.21078,26.26019]]}},{"type":"Feature","properties":{},"geometry":{"type":"LineString","coordinates":[[78.20706,26.26],[78.20705,26.26011],[78.20719,26.26013],[78.20721,26.26003],[78.20706,26.26]]}},{"type":"Feature","properties":{},"geometry":{"type":"LineString","coordinates":[[78.21698,26.24362],[78.21695,26.24376],[78.217,26.24447],[78.21682,26.24572],[78.21676,26.24692],[78.21672,26.24747],[78.21653,26.2505],[78.2165,26.25204],[78.21647,26.25225]]}},{"type":"Feature","properties":{},"geometry":{"type":"LineString","coordinates":[[78.21698,26.24362],[78.21677,26.24214],[78.21672,26.24186],[78.21656,26.24147],[78.2162,26.2409],[78.2161,26.24046],[78.21595,26.23733],[78.21593,26.23679],[78.21597,26.23663]]}},{"type":"Feature","properties":{"highway":"primary"},"geometry":{"type":"LineString","coordinates":[[78.21636,26.25232],[78.21642,26.2524],[78.21653,26.25236],[78.21653,26.25229],[78.21647,26.25225],[78.21643,26.25224],[78.21636,26.25232]]}},{"type":"Feature","properties":{"highway":"primary"},"geometry":{"type":"LineString","coordinates":[[78.21643,26.25224],[78.21625,26.25211],[78.21433,26.25083],[78.21215,26.2494],[78.21187,26.2492],[78.2106,26.24835],[78.21023,26.24801],[78.21008,26.24754],[78.20991,26.24659],[78.20968,26.24538],[78.20854,26.23983],[78.208,26.23723],[78.20749,26.23485],[78.20734,26.23442],[78.20727,26.23432]]}},{"type":"Feature","properties":{},"geometry":{"type":"LineString","coordinates":[[78.07057,26.11763],[78.07106,26.11724],[78.07136,26.1171],[78.07275,26.11662],[78.07338,26.11638],[78.07372,26.11621],[78.07404,26.11597],[78.07429,26.11573],[78.0748,26.115]]}},{"type":"Feature","properties":{},"geometry":{"type":"LineString","coordinates":[[78.27802,26.22579],[78.2797,26.22581],[78.28044,26.22589],[78.28088,26.22591],[78.2818,26.22591],[78.2821,26.22588],[78.28281,26.22588],[78.28344,26.22583],[78.28437,26.22586],[78.28558,26.22584],[78.28624,26.22585],[78.28707,26.22581],[78.28778,26.22583],[78.28809,26.22581],[78.28888,26.22569]]}},{"type":"Feature","properties":{},"geometry":{"type":"LineString","coordinates":[[78.31573,26.18915],[78.31579,26.1895],[78.31606,26.19029],[78.31613,26.1907]]}},{"type":"Feature","properties":{},"geometry":{"type":"LineString","coordinates":[[78.319,26.16498],[78.31742,26.16482],[78.31574,26.16487],[78.3151,26.16483],[78.31364,26.16468],[78.31323,26.16468],[78.31152,26.16485],[78.31026,26.16492],[78.30986,26.16492],[78.30902,26.16481],[78.30862,26.16479],[78.30827,26.16468],[78.30805,26.16448],[78.30777,26.16431],[78.30729,26.16429],[78.30614,26.1644],[78.3052,26.16447],[78.30267,26.1646],[78.30233,26.16471],[78.30156,26.16513],[78.29966,26.16633],[78.29928,26.16651],[78.29862,26.16675],[78.29652,26.16737],[78.29549,26.16766],[78.29487,26.16776],[78.29325,26.16796],[78.29241,26.16824],[78.29177,26.16853],[78.2912,26.16885],[78.2908,26.169],[78.29049,26.16905],[78.28869,26.16913],[78.28807,26.16918],[78.28708,26.16942],[78.28625,26.16959],[78.28558,26.16969],[78.28384,26.1698],[78.283,26.17001],[78.28264,26.17005],[78.28114,26.17006],[78.27963,26.1702],[78.27761,26.17031],[78.27702,26.17044],[78.27647,26.17073],[78.27564,26.17127],[78.27515,26.17152],[78.27493,26.17156],[78.2745,26.17155],[78.27422,26.17158],[78.27395,26.17171],[78.27387,26.17178],[78.27178,26.17456],[78.27099,26.17546],[78.27017,26.17631],[78.26994,26.17672],[78.26932,26.17764],[78.26869,26.17814],[78.26696,26.17969],[78.26574,26.18083],[78.26408,26.18267],[78.26303,26.18379],[78.2623,26.18468],[78.26164,26.18571],[78.26137,26.18648],[78.26082,26.18879],[78.26086,26.18941],[78.26169,26.19351],[78.26212,26.19545],[78.2622,26.19594],[78.26213,26.19637],[78.26194,26.19677],[78.26159,26.1974],[78.26127,26.19774],[78.26048,26.19835],[78.25983,26.199],[78.25961,26.19928],[78.25915,26.19998]]}},{"type":"Feature","properties":{},"geometry":{"type":"LineString","coordinates":[[78.1795,26.2586],[78.17978,26.25895],[78.18007,26.25949],[78.18043,26.26051],[78.1805,26.26078],[78.18076,26.26162],[78.18098,26.26211],[78.18155,26.26328],[78.18164,26.26363],[78.18172,26.26426],[78.18199,26.26487],[78.1825,26.26574],[78.18268,26.26621],[78.18288,26.26733],[78.18306,26.26798],[78.1834,26.26872],[78.18382,26.26935],[78.18406,26.26985],[78.18437,26.27067],[78.1847,26.27128],[78.185,26.27162],[78.18513,26.2719],[78.18512,26.27242],[78.18484,26.27282],[78.18473,26.27326],[78.18478,26.27365],[78.18494,26.27402],[78.18517,26.27474],[78.18536,26.27568],[78.18567,26.27654],[78.18584,26.27708],[78.18581,26.27746],[78.18586,26.27786],[78.18606,26.27878],[78.18626,26.27935],[78.18639,26.28003],[78.18648,26.2811],[78.18649,26.28167],[78.18647,26.28296],[78.18656,26.28353],[78.18673,26.28376],[78.18716,26.28404],[78.18772,26.28449],[78.18792,26.28476],[78.18816,26.28537],[78.18828,26.28577],[78.18859,26.28661],[78.18885,26.28706],[78.18902,26.28745],[78.18951,26.28908],[78.18981,26.29003],[78.19001,26.29059],[78.19015,26.29122],[78.19023,26.29252],[78.19027,26.29277]]}},{"type":"Feature","properties":{},"geometry":{"type":"LineString","coordinates":[[78.15865,26.27],[78.15863,26.27017],[78.15846,26.27121],[78.15821,26.2724],[78.15802,26.27306],[78.15784,26.27346],[78.15763,26.2738],[78.15708,26.27446],[78.15646,26.27523],[78.15611,26.27571],[78.15603,26.27588],[78.15583,26.27812],[78.15563,26.27988],[78.15554,26.28106],[78.15543,26.28387],[78.15537,26.28508],[78.15534,26.28613],[78.15534,26.28698],[78.1553,26.28796],[78.1553,26.28853],[78.15507,26.29053],[78.155,26.2909],[78.15494,26.29178],[78.15475,26.29231],[78.15476,26.29267],[78.15496,26.29403],[78.15512,26.29495],[78.15514,26.2957],[78.15523,26.29686],[78.15532,26.29888],[78.15534,26.29903],[78.15534,26.30027],[78.15547,26.30184],[78.15554,26.30235],[78.15555,26.30351],[78.15555,26.30379],[78.15563,26.3048],[78.15566,26.306]]}},{"type":"Feature","properties":{},"geometry":{"type":"LineString","coordinates":[[78.12314,26.28976],[78.12355,26.28986],[78.1245,26.28995],[78.12526,26.29001],[78.1264,26.29012],[78.12791,26.29032],[78.12844,26.29032],[78.12931,26.29045],[78.1302,26.29075],[78.13072,26.29103],[78.13108,26.29145],[78.13131,26.29188],[78.13153,26.29204],[78.13206,26.29216],[78.13207,26.29238],[78.13186,26.29277],[78.13192,26.29291],[78.13224,26.29318],[78.13249,26.29329],[78.13294,26.29339],[78.13348,26.29363],[78.13377,26.29368],[78.13425,26.29362],[78.13462,26.2936],[78.1347,26.2937],[78.13497,26.29363],[78.13558,26.29387],[78.13575,26.2942],[78.13587,26.29429],[78.13643,26.2942],[78.13703,26.29423],[78.13778,26.29439]]}},{"type":"Feature","properties":{},"geometry":{"type":"LineString","coordinates":[[78.13778,26.29439],[78.13815,26.29458]]}},{"type":"Feature","properties":{},"geometry":{"type":"LineString","coordinates":[[78.13815,26.29458],[78.13832,26.29454],[78.13914,26.2933],[78.13987,26.29234]]}},{"type":"Feature","properties":{},"geometry":{"type":"LineString","coordinates":[[78.13987,26.29234],[78.14008,26.29211]]}},{"type":"Feature","properties":{"highway":"primary"},"geometry":{"type":"LineString","coordinates":[[78.16638,26.25556],[78.16952,26.25384],[78.17177,26.25262],[78.17619,26.25031],[78.17711,26.24984]]}},{"type":"Feature","properties":{"highway":"primary"},"geometry":{"type":"LineString","coordinates":[[78.16605,26.25575],[78.16638,26.25556]]}},{"type":"Feature","properties":{},"geometry":{"type":"LineString","coordinates":[[78.12012,26.30087],[78.12105,26.30229],[78.12232,26.30413],[78.12283,26.30479],[78.12309,26.30493],[78.12474,26.30562],[78.1249,26.30575],[78.12502,26.306]]}},{"type":"Feature","properties":{},"geometry":{"type":"LineString","coordinates":[[78.10704,26.24856],[78.10751,26.24878],[78.108,26.24906],[78.10917,26.24963],[78.10948,26.24982],[78.10991,26.25035],[78.11069,26.25156],[78.111,26.25199],[78.11124,26.25221],[78.11168,26.25247],[78.11223,26.25271],[78.11264,26.25283],[78.11388,26.25305],[78.11438,26.25329],[78.11451,26.25343],[78.1146,26.25368],[78.11472,26.25423],[78.11499,26.25467],[78.11548,26.25515],[78.11571,26.25532],[78.11676,26.25553],[78.11749,26.25562],[78.11785,26.2556],[78.11905,26.25524],[78.11999,26.25494],[78.12035,26.2548],[78.12084,26.25467],[78.12262,26.25456],[78.12346,26.25449],[78.12511,26.2544],[78.12561,26.25434],[78.12638,26.2541],[78.127,26.25403],[78.12849,26.25387],[78.12869,26.25383]]}},{"type":"Feature","properties":{},"geometry":{"type":"LineString","coordinates":[[78.10783,26.27601],[78.10831,26.27539],[78.10952,26.27361],[78.11,26.27295],[78.11068,26.27206],[78.11126,26.27142],[78.11175,26.27097],[78.11293,26.26974],[78.11302,26.2696],[78.11338,26.26879],[78.11394,26.26747],[78.11429,26.26681],[78.1147,26.26579],[78.11499,26.26494],[78.11543,26.26432],[78.11643,26.26322],[78.11675,26.26292],[78.11696,26.2629],[78.11724,26.26264],[78.1183,26.26147],[78.11876,26.26099],[78.11931,26.26059],[78.11968,26.26026],[78.12066,26.25972],[78.12116,26.2593],[78.12161,26.25912],[78.12221,26.25911],[78.12279,26.25891],[78.12353,26.25848],[78.12387,26.25836],[78.12456,26.25823],[78.12518,26.25802],[78.12571,26.25771],[78.12615,26.25731],[78.12641,26.25714],[78.12718,26.25718],[78.12746,26.2571],[78.12798,26.25673],[78.12804,26.2566],[78.12805,26.25596],[78.12793,26.25546],[78.12767,26.25488],[78.12769,26.25475],[78.12827,26.25442],[78.12862,26.25408],[78.12867,26.25393]]}},{"type":"Feature","properties":{},"geometry":{"type":"LineString","coordinates":[[78.10095,26.28346],[78.10097,26.28344],[78.10134,26.28295],[78.10136,26.28274],[78.10123,26.28205],[78.10098,26.28144],[78.101,26.28101],[78.10122,26.28048],[78.10119,26.28004],[78.1013,26.27994],[78.10179,26.27994],[78.10212,26.27987],[78.10248,26.27968],[78.10339,26.27895],[78.1041,26.27875],[78.10479,26.27848],[78.1052,26.27829],[78.1059,26.27786],[78.10646,26.27759],[78.10701,26.27722],[78.10778,26.27608]]}},{"type":"Feature","properties":{},"geometry":{"type":"LineString","coordinates":[[78.09494,26.28978],[78.09652,26.29141]]}},{"type":"Feature","properties":{},"geometry":{"type":"LineString","coordinates":[[78.09652,26.29141],[78.09663,26.2915]]}},{"type":"Feature","properties":{},"geometry":{"type":"LineString","coordinates":[[78.09663,26.2915],[78.09751,26.29239],[78.09916,26.29405],[78.09935,26.29426],[78.10108,26.29597],[78.10151,26.29632],[78.10195,26.29633],[78.10235,26.29624],[78.10362,26.29604],[78.10425,26.29592],[78.10568,26.2957],[78.10596,26.29577],[78.10621,26.29617],[78.10642,26.29637],[78.10659,26.29638],[78.10699,26.29648],[78.10771,26.29697],[78.10792,26.29708],[78.10967,26.29762],[78.11008,26.29779],[78.11094,26.29809],[78.11239,26.29854],[78.11525,26.29944],[78.11842,26.30045],[78.11953,26.30083],[78.1201,26.30101]]}},{"type":"Feature","properties":{},"geometry":{"type":"LineString","coordinates":[[78.10224,26.30172],[78.10248,26.30154],[78.10302,26.30098],[78.10378,26.30031],[78.10455,26.29972],[78.10524,26.2989],[78.10556,26.29831],[78.10592,26.29796],[78.10612,26.29767],[78.10639,26.29738],[78.10655,26.2971],[78.10659,26.29687],[78.10659,26.29638]]}},{"type":"Feature","properties":{},"geometry":{"type":"LineString","coordinates":[[78.11525,26.29944],[78.11534,26.29872],[78.11529,26.29754],[78.11531,26.29703],[78.11529,26.29655],[78.11512,26.29573],[78.11498,26.29485],[78.11481,26.29428],[78.11483,26.29405],[78.115,26.29393],[78.11526,26.29399],[78.11563,26.29384],[78.11569,26.29369],[78.11565,26.29332],[78.11549,26.29305],[78.11561,26.29283]]}},{"type":"Feature","properties":{},"geometry":{"type":"LineString","coordinates":[[78.15555,26.30351],[78.1567,26.3035],[78.15761,26.30343],[78.1594,26.30317],[78.16007,26.30303]]}},{"type":"Feature","properties":{},"geometry":{"type":"LineString","coordinates":[[78.16007,26.30303],[78.16033,26.30296]]}},{"type":"Feature","properties":{},"geometry":{"type":"LineString","coordinates":[[78.18382,26.26935],[78.18403,26.26939],[78.18428,26.26955],[78.18494,26.27012],[78.18549,26.27068],[78.18603,26.2714],[78.18638,26.27174],[78.18717,26.27239],[78.18745,26.27244],[78.18783,26.2722],[78.18821,26.27202],[78.1885,26.27194],[78.18886,26.27202],[78.18917,26.27224],[78.18957,26.27246],[78.19038,26.27285],[78.19096,26.27322],[78.19148,26.27372],[78.19201,26.2741],[78.19221,26.2741],[78.19273,26.27392],[78.19293,26.27395],[78.19369,26.27436],[78.19421,26.27447],[78.19443,26.27457],[78.19499,26.27498],[78.19547,26.2752],[78.19579,26.2753],[78.19656,26.27544],[78.19723,26.27541],[78.19754,26.27544],[78.19813,26.27564],[78.19917,26.27591],[78.19972,26.276],[78.2001,26.27614],[78.20048,26.2764]]}},{"type":"Feature","properties":{},"geometry":{"type":"LineString","coordinates":[[78.2105,26.28336],[78.21031,26.28347]]}},{"type":"Feature","properties":{},"geometry":{"type":"LineString","coordinates":[[78.21031,26.28347],[78.21016,26.28351],[78.20964,26.28359],[78.20911,26.2835],[78.20853,26.28332],[78.20819,26.28317],[78.20808,26.28321],[78.20757,26.2839],[78.20761,26.28402],[78.20806,26.28445],[78.20799,26.28506],[78.20804,26.28573],[78.208,26.28604],[78.20775,26.28641],[78.20722,26.28674],[78.20706,26.28713],[78.20674,26.28749],[78.20621,26.28768],[78.20608,26.28795],[78.20621,26.2886],[78.2064,26.28897],[78.20639,26.28952],[78.20652,26.29016],[78.20676,26.29093],[78.20672,26.29124],[78.20561,26.29304],[78.20535,26.2934],[78.20451,26.29473],[78.20429,26.29503],[78.20334,26.29648],[78.20332,26.29715],[78.20336,26.29816],[78.20314,26.29865],[78.2029,26.29878],[78.20225,26.29893],[78.20135,26.29934],[78.20083,26.29954],[78.20025,26.29986],[78.19922,26.30018],[78.1985,26.30048],[78.19827,26.30055],[78.19702,26.30057],[78.19626,26.30047],[78.19585,26.3005],[78.19549,26.30064],[78.19531,26.30079],[78.1953,26.30109],[78.19535,26.30148],[78.19518,26.30162],[78.1946,26.30181],[78.19439,26.30206],[78.19442,26.30234],[78.19459,26.30262],[78.19469,26.30293],[78.19466,26.30317],[78.19437,26.30347],[78.19389,26.3037],[78.19328,26.30377],[78.1923,26.30372],[78.19115,26.30395],[78.18932,26.30421],[78.18865,26.30429],[78.18783,26.30447],[78.18718,26.30476]]}},{"type":"Feature","properties":{},"geometry":{"type":"LineString","coordinates":[[78.11892,26.11643],[78.11916,26.11658]]}},{"type":"Feature","properties":{},"geometry":{"type":"LineString","coordinates":[[78.11916,26.11658],[78.11937,26.1167],[78.11954,26.1169],[78.11977,26.1174],[78.12012,26.11802],[78.12045,26.11849],[78.12104,26.11899],[78.12175,26.11952],[78.12266,26.12013],[78.12361,26.12062],[78.12389,26.12082],[78.12421,26.12117],[78.1247,26.122],[78.12499,26.12232],[78.12541,26.12268],[78.12603,26.12314],[78.1268,26.12363],[78.1276,26.12408]]}},{"type":"Feature","properties":{},"geometry":{"type":"LineString","coordinates":[[78.10778,26.27608],[78.10783,26.27601]]}},{"type":"Feature","properties":{},"geometry":{"type":"LineString","coordinates":[[78.22203,26.20973],[78.22403,26.20972],[78.2269,26.20967],[78.22875,26.20959],[78.22946,26.2094],[78.23099,26.20897]]}},{"type":"Feature","properties":{},"geometry":{"type":"LineString","coordinates":[[78.23099,26.20897],[78.2317,26.20888],[78.23561,26.20895]]}},{"type":"Feature","properties":{},"geometry":{"type":"LineString","coordinates":[[78.15182,26.21955],[78.15213,26.22004],[78.15228,26.2202]]}},{"type":"Feature","properties":{},"geometry":{"type":"LineString","coordinates":[[78.15385,26.23416],[78.15394,26.23414],[78.15478,26.23394],[78.15564,26.2337],[78.15587,26.2337],[78.1564,26.23414],[78.15686,26.23445],[78.15733,26.23484],[78.15851,26.23465],[78.15955,26.23481],[78.16178,26.23531],[78.163,26.23556],[78.1634,26.23561],[78.16415,26.2356],[78.16429,26.23543],[78.16462,26.23545],[78.16513,26.23534],[78.16564,26.23513],[78.16582,26.23496]]}},{"type":"Feature","properties":{},"geometry":{"type":"LineString","coordinates":[[78.23612,26.20583],[78.23616,26.20601]]}},{"type":"Feature","properties":{},"geometry":{"type":"LineString","coordinates":[[78.23676,26.24219],[78.2369,26.24402],[78.23707,26.24443],[78.23737,26.24479],[78.23769,26.24505],[78.23813,26.24522],[78.23947,26.24562]]}},{"type":"Feature","properties":{},"geometry":{"type":"LineString","coordinates":[[78.24012,26.24701],[78.24021,26.24722],[78.24064,26.24765],[78.24077,26.24771],[78.24133,26.24765],[78.24144,26.24771],[78.24169,26.24816],[78.24229,26.24907],[78.24221,26.24918],[78.24194,26.24916]]}},{"type":"Feature","properties":{},"geometry":{"type":"LineString","coordinates":[[78.17768,26.228],[78.17739,26.22817],[78.17693,26.22848],[78.17684,26.22869],[78.17696,26.22919]]}},{"type":"Feature","properties":{},"geometry":{"type":"LineString","coordinates":[[78.19378,26.23667],[78.19374,26.23552],[78.19369,26.23484],[78.19358,26.23423]]}},{"type":"Feature","properties":{},"geometry":{"type":"LineString","coordinates":[[78.18836,26.23635],[78.18848,26.23668],[78.18761,26.23871],[78.18729,26.2394],[78.18665,26.23997],[78.18671,26.24008],[78.18787,26.24044],[78.188,26.24054],[78.18765,26.24138]]}},{"type":"Feature","properties":{},"geometry":{"type":"LineString","coordinates":[[78.12982,26.20533],[78.13033,26.2054],[78.13068,26.20539],[78.13172,26.20559],[78.13225,26.20564],[78.13257,26.20575],[78.13259,26.20599],[78.13305,26.20614],[78.13345,26.20635],[78.13451,26.20665],[78.13519,26.20696],[78.13572,26.20725],[78.13557,26.20751],[78.13556,26.20791],[78.13542,26.20817],[78.13543,26.20863],[78.13539,26.20885],[78.13541,26.20938],[78.1355,26.20986],[78.13558,26.21],[78.13641,26.21034],[78.13661,26.21038],[78.13699,26.21054],[78.13786,26.2111],[78.13816,26.21118],[78.13824,26.21129],[78.13816,26.21153],[78.13826,26.21241],[78.13823,26.21259],[78.13789,26.2131],[78.13804,26.21362],[78.138,26.21417],[78.13773,26.21441],[78.13834,26.21471],[78.13868,26.21453],[78.13918,26.21446],[78.13968,26.21457],[78.14036,26.21454],[78.14073,26.21446],[78.14109,26.21421],[78.1417,26.21394],[78.14239,26.21374],[78.14309,26.21359],[78.14359,26.21331],[78.14404,26.2132],[78.14416,26.21308],[78.14417,26.21289],[78.1443,26.21273],[78.14465,26.21256],[78.14478,26.21236],[78.14477,26.21209],[78.14506,26.21171]]}},{"type":"Feature","properties":{},"geometry":{"type":"LineString","coordinates":[[78.22728,26.25839],[78.22664,26.25956],[78.22817,26.26028]]}},{"type":"Feature","properties":{},"geometry":{"type":"LineString","coordinates":[[78.22817,26.26028],[78.22861,26.26049],[78.22996,26.26124],[78.23043,26.26147],[78.23093,26.26176],[78.23141,26.26197],[78.23156,26.26197]]}},{"type":"Feature","properties":{},"geometry":{"type":"LineString","coordinates":[[78.23393,26.26309],[78.23554,26.26401],[78.23578,26.26418]]}},{"type":"Feature","properties":{},"geometry":{"type":"LineString","coordinates":[[78.23451,26.25582],[78.23511,26.25545],[78.23657,26.25475],[78.23742,26.25458],[78.23825,26.25439],[78.23886,26.25439]]}},{"type":"Feature","properties":{},"geometry":{"type":"LineString","coordinates":[[78.14774,26.18654],[78.14822,26.18746],[78.14875,26.18838],[78.14971,26.1901],[78.14979,26.19014]]}},{"type":"Feature","properties":{},"geometry":{"type":"LineString","coordinates":[[78.14979,26.19014],[78.14979,26.19008],[78.14882,26.18836],[78.14787,26.18662],[78.1478,26.18652]]}},{"type":"Feature","properties":{},"geometry":{"type":"LineString","coordinates":[[78.14979,26.19014],[78.15068,26.1915],[78.15092,26.19179],[78.15118,26.19196],[78.15164,26.19218],[78.15202,26.19298],[78.15239,26.19398]]}},{"type":"Feature","properties":{},"geometry":{"type":"LineString","coordinates":[[78.15415,26.19721],[78.15441,26.19694],[78.15469,26.19676],[78.1562,26.19628],[78.15928,26.19525],[78.15959,26.19512],[78.15973,26.19507],[78.15989,26.19499]]}},{"type":"Feature","properties":{},"geometry":{"type":"LineString","coordinates":[[78.13231,26.18283],[78.13107,26.1821],[78.13089,26.18197],[78.13011,26.18195],[78.12904,26.18173],[78.12847,26.18188],[78.12786,26.18184],[78.1271,26.18217],[78.12683,26.18203],[78.1263,26.18214],[78.12579,26.18221],[78.12549,26.18221],[78.12492,26.18206],[78.12474,26.18206],[78.12436,26.18218],[78.12418,26.18218],[78.12307,26.18183],[78.12244,26.18156],[78.12187,26.18148],[78.1216,26.1814],[78.12129,26.18122],[78.12089,26.18089],[78.12046,26.18066],[78.11999,26.18065],[78.11914,26.18089],[78.1186,26.1809],[78.11823,26.18082],[78.11781,26.18083],[78.11761,26.181],[78.11716,26.18131],[78.11673,26.18147],[78.11655,26.18162],[78.11607,26.18186]]}},{"type":"Feature","properties":{},"geometry":{"type":"LineString","coordinates":[[78.14116,26.18717],[78.14113,26.18717],[78.14109,26.18721],[78.14118,26.18726],[78.14116,26.18717]]}},{"type":"Feature","properties":{},"geometry":{"type":"LineString","coordinates":[[78.13326,26.18666],[78.13312,26.18701]]}},{"type":"Feature","properties":{},"geometry":{"type":"LineString","coordinates":[[78.30032,26.23852],[78.30044,26.24302],[78.30034,26.24373],[78.29966,26.24559],[78.29951,26.24614],[78.29928,26.24736],[78.29925,26.24771],[78.29937,26.24792],[78.30002,26.24857],[78.30028,26.24878],[78.30057,26.24927],[78.30106,26.24954],[78.30165,26.24976],[78.30255,26.25022],[78.30364,26.25091],[78.30443,26.25151],[78.30512,26.25214],[78.30533,26.25241],[78.30545,26.25275],[78.30567,26.2537],[78.30604,26.25436],[78.30747,26.25681],[78.30838,26.25848],[78.30884,26.2594],[78.30926,26.25975],[78.30999,26.25995]]}},{"type":"Feature","properties":{},"geometry":{"type":"LineString","coordinates":[[78.23781,26.2501],[78.23779,26.25003]]}},{"type":"Feature","properties":{},"geometry":{"type":"LineString","coordinates":[[78.23783,26.25016],[78.23781,26.2501]]}},{"type":"Feature","properties":{},"geometry":{"type":"LineString","coordinates":[[78.30604,26.24016],[78.31069,26.24164],[78.31392,26.2427],[78.31624,26.24351],[78.319,26.24444]]}},{"type":"Feature","properties":{},"geometry":{"type":"LineString","coordinates":[[78.3059,26.24011],[78.30604,26.24016]]}},{"type":"Feature","properties":{},"geometry":{"type":"LineString","coordinates":[[78.23848,26.25252],[78.23846,26.25243]]}},{"type":"Feature","properties":{},"geometry":{"type":"LineString","coordinates":[[78.23846,26.25243],[78.23783,26.25016]]}},{"type":"Feature","properties":{},"geometry":{"type":"LineString","coordinates":[[78.24197,26.24919],[78.242,26.24924]]}},{"type":"Feature","properties":{},"geometry":{"type":"LineString","coordinates":[[78.24252,26.24935],[78.24356,26.24947],[78.24403,26.24961],[78.24446,26.24978],[78.24531,26.25017],[78.24736,26.25118],[78.24747,26.25127],[78.24754,26.2514],[78.24755,26.25277],[78.24759,26.25305],[78.24777,26.25344],[78.24811,26.25366],[78.25148,26.25504],[78.25204,26.25528],[78.25219,26.25538],[78.25318,26.25656],[78.25358,26.25694],[78.25447,26.25765],[78.25533,26.25855],[78.25558,26.25869],[78.25587,26.25877],[78.25683,26.2589],[78.25804,26.25903],[78.25842,26.25902],[78.26041,26.25879],[78.26079,26.25882],[78.26098,26.25892],[78.26336,26.2608]]}},{"type":"Feature","properties":{},"geometry":{"type":"LineString","coordinates":[[78.28898,26.22567],[78.28962,26.22557]]}},{"type":"Feature","properties":{},"geometry":{"type":"LineString","coordinates":[[78.28888,26.22569],[78.28898,26.22567]]}},{"type":"Feature","properties":{},"geometry":{"type":"LineString","coordinates":[[78.28962,26.22557],[78.28966,26.22556]]}},{"type":"Feature","properties":{},"geometry":{"type":"LineString","coordinates":[[78.28966,26.22556],[78.2903,26.22542],[78.29192,26.22515],[78.2924,26.22504],[78.2941,26.22474],[78.29544,26.22421],[78.29573,26.22411],[78.29764,26.22367]]}},{"type":"Feature","properties":{},"geometry":{"type":"LineString","coordinates":[[78.2879,26.25521],[78.28695,26.25563],[78.28686,26.25575],[78.28681,26.25631],[78.28683,26.25662],[78.28705,26.25715],[78.28723,26.25813],[78.28742,26.25846],[78.28776,26.2588],[78.28782,26.25904],[78.28775,26.2593],[78.28761,26.25939],[78.28733,26.25942],[78.2872,26.25952],[78.28699,26.2603],[78.287,26.2605],[78.2873,26.26089],[78.28797,26.26205],[78.28815,26.26243],[78.28828,26.26306],[78.28868,26.26535],[78.28913,26.26804]]}},{"type":"Feature","properties":{},"geometry":{"type":"LineString","coordinates":[[78.28906,26.26818],[78.28904,26.26835],[78.28934,26.26997],[78.28943,26.27062],[78.28985,26.27296],[78.28996,26.2733],[78.29037,26.27424],[78.29048,26.27465],[78.2908,26.277],[78.29086,26.27736],[78.29095,26.27757],[78.29186,26.27873],[78.29363,26.28096],[78.29386,26.28121],[78.29411,26.28134],[78.29472,26.28139],[78.29486,26.28151],[78.2957,26.28343],[78.29667,26.28568],[78.29746,26.28754],[78.29757,26.28801],[78.29764,26.28924],[78.29772,26.2904],[78.29773,26.29099]]}},{"type":"Feature","properties":{},"geometry":{"type":"LineString","coordinates":[[78.28913,26.26804],[78.28906,26.26818]]}},{"type":"Feature","properties":{},"geometry":{"type":"LineString","coordinates":[[78.28655,26.29199],[78.28619,26.29195],[78.28588,26.29215],[78.2852,26.29244],[78.28451,26.29265],[78.28427,26.2926],[78.28415,26.29212],[78.28403,26.29208],[78.28294,26.29205],[78.28254,26.29217],[78.28224,26.29221]]}},{"type":"Feature","properties":{},"geometry":{"type":"LineString","coordinates":[[78.28682,26.29196],[78.28655,26.29199]]}},{"type":"Feature","properties":{},"geometry":{"type":"LineString","coordinates":[[78.29294,26.23617],[78.29392,26.2365]]}},{"type":"Feature","properties":{},"geometry":{"type":"LineString","coordinates":[[78.29282,26.23612],[78.29294,26.23617]]}},{"type":"Feature","properties":{},"geometry":{"type":"LineString","coordinates":[[78.29392,26.2365],[78.29401,26.23653]]}},{"type":"Feature","properties":{},"geometry":{"type":"LineString","coordinates":[[78.29401,26.23653],[78.29703,26.23759],[78.29789,26.23785],[78.30032,26.23852],[78.3018,26.23894],[78.3059,26.24011]]}},{"type":"Feature","properties":{},"geometry":{"type":"LineString","coordinates":[[78.21709,26.21668],[78.21725,26.21664]]}},{"type":"Feature","properties":{},"geometry":{"type":"LineString","coordinates":[[78.21869,26.21634],[78.21889,26.21639]]}},{"type":"Feature","properties":{},"geometry":{"type":"LineString","coordinates":[[78.3093,26.2207],[78.30953,26.22061],[78.31026,26.22042],[78.31135,26.22027],[78.31287,26.22003],[78.31424,26.21988],[78.31471,26.21991],[78.31576,26.22007],[78.31627,26.22013],[78.31678,26.22005],[78.31748,26.21986],[78.319,26.21937]]}},{"type":"Feature","properties":{},"geometry":{"type":"LineString","coordinates":[[78.3092,26.22073],[78.3093,26.2207]]}},{"type":"Feature","properties":{},"geometry":{"type":"LineString","coordinates":[[78.30591,26.22187],[78.30659,26.22165],[78.30743,26.22133],[78.3084,26.22095],[78.3092,26.22073]]}},{"type":"Feature","properties":{},"geometry":{"type":"LineString","coordinates":[[78.30582,26.2219],[78.30591,26.22187]]}},{"type":"Feature","properties":{},"geometry":{"type":"LineString","coordinates":[[78.29771,26.22366],[78.29841,26.22353],[78.29923,26.22331],[78.30136,26.22289],[78.30206,26.22272],[78.30324,26.22249],[78.30582,26.2219]]}},{"type":"Feature","properties":{},"geometry":{"type":"LineString","coordinates":[[78.29764,26.22367],[78.29771,26.22366]]}},{"type":"Feature","properties":{},"geometry":{"type":"LineString","coordinates":[[78.29044,26.29207],[78.29106,26.29191],[78.29134,26.29165],[78.29199,26.29155],[78.29236,26.29144],[78.2929,26.29153],[78.29379,26.29153]]}},{"type":"Feature","properties":{},"geometry":{"type":"LineString","coordinates":[[78.29773,26.29099],[78.29704,26.29109],[78.29585,26.29114],[78.29512,26.29127],[78.2945,26.29142],[78.29379,26.29153]]}},{"type":"Feature","properties":{},"geometry":{"type":"LineString","coordinates":[[78.31439,26.26281],[78.31446,26.26285]]}},{"type":"Feature","properties":{},"geometry":{"type":"LineString","coordinates":[[78.31446,26.26285],[78.31489,26.26315],[78.31558,26.26375],[78.31619,26.26432],[78.31657,26.2646],[78.31731,26.26495],[78.319,26.26581]]}},{"type":"Feature","properties":{},"geometry":{"type":"LineString","coordinates":[[78.25023,26.20679],[78.24942,26.20734],[78.24783,26.20856],[78.24751,26.2089],[78.24684,26.20991],[78.24664,26.21004],[78.24576,26.21021],[78.24497,26.21031]]}},{"type":"Feature","properties":{},"geometry":{"type":"LineString","coordinates":[[78.25915,26.19998],[78.25899,26.20021]]}},{"type":"Feature","properties":{},"geometry":{"type":"LineString","coordinates":[[78.31511,26.18919],[78.31496,26.18927],[78.31351,26.18996],[78.31278,26.19033],[78.31212,26.1906],[78.31149,26.19089],[78.31095,26.1911],[78.31011,26.19137],[78.30918,26.1915],[78.30849,26.19171],[78.30736,26.19214],[78.30691,26.19227],[78.30629,26.19213],[78.30593,26.19211],[78.30541,26.19222],[78.30391,26.19206],[78.30292,26.19205],[78.3017,26.19194],[78.30153,26.19189],[78.30068,26.19154],[78.29995,26.19134],[78.29772,26.19078],[78.29723,26.19067],[78.29625,26.19067],[78.29602,26.19061],[78.29546,26.19029],[78.29478,26.19011],[78.29402,26.18953],[78.29333,26.18895],[78.29224,26.18814],[78.29184,26.18795],[78.29151,26.18787],[78.29063,26.18773],[78.29008,26.18759],[78.28926,26.18729],[78.28835,26.18664],[78.28811,26.18652],[78.28719,26.18619],[78.28614,26.18601],[78.28572,26.18588],[78.28518,26.18578],[78.28472,26.18564],[78.28446,26.1857],[78.28381,26.18601],[78.28318,26.18626],[78.28242,26.18646],[78.2815,26.1869],[78.28123,26.18714],[78.28106,26.18721],[78.28052,26.18721],[78.28013,26.18706],[78.27971,26.18675],[78.27937,26.18664],[78.27892,26.18663],[78.2786,26.18672],[78.27828,26.18693],[78.27782,26.18706],[78.27758,26.1872],[78.27744,26.18737],[78.27713,26.18786],[78.27702,26.1884],[78.2769,26.18862],[78.27665,26.18875],[78.27583,26.18882],[78.27544,26.18877],[78.27439,26.18829],[78.27405,26.1882],[78.27237,26.18803],[78.27189,26.18808],[78.27105,26.18836],[78.26989,26.18862],[78.2691,26.18866],[78.26848,26.18862],[78.26724,26.1885],[78.26676,26.1885],[78.26579,26.18871],[78.26506,26.18881],[78.2639,26.18881],[78.26264,26.18867],[78.26209,26.18868],[78.26146,26.18876],[78.26082,26.18879]]}},{"type":"Feature","properties":{},"geometry":{"type":"LineString","coordinates":[[78.26336,26.2608],[78.26351,26.26101],[78.26343,26.26169],[78.26374,26.26212],[78.26465,26.26353],[78.26486,26.26378],[78.26506,26.26391],[78.26563,26.2644],[78.26609,26.26462],[78.26653,26.26501],[78.26722,26.2657],[78.26763,26.26602],[78.26807,26.26629],[78.26837,26.2664],[78.26929,26.2666],[78.27213,26.26771],[78.27297,26.26795],[78.27373,26.26809],[78.27435,26.26828],[78.27537,26.26874],[78.27563,26.26883],[78.27616,26.2689],[78.27648,26.26902],[78.27685,26.26924],[78.2774,26.26974],[78.27806,26.27011],[78.27841,26.27024],[78.2802,26.27023],[78.28067,26.2702],[78.282,26.27024],[78.28251,26.27012],[78.28312,26.27007],[78.28362,26.27021],[78.28409,26.27041]]}},{"type":"Feature","properties":{},"geometry":{"type":"LineString","coordinates":[[78.28409,26.27041],[78.28453,26.27063]]}},{"type":"Feature","properties":{},"geometry":{"type":"LineString","coordinates":[[78.28465,26.27062],[78.28409,26.27041]]}},{"type":"Feature","properties":{},"geometry":{"type":"LineString","coordinates":[[78.31523,26.18912],[78.31511,26.18919]]}},{"type":"Feature","properties":{},"geometry":{"type":"LineString","coordinates":[[78.31573,26.18915],[78.31552,26.18896],[78.31523,26.18912]]}},{"type":"Feature","properties":{},"geometry":{"type":"LineString","coordinates":[[78.24702,26.17881],[78.24769,26.17872],[78.24819,26.1785],[78.24856,26.17828],[78.24873,26.17797],[78.24895,26.17781],[78.24908,26.17758],[78.24912,26.17732],[78.24943,26.17724]]}},{"type":"Feature","properties":{},"geometry":{"type":"LineString","coordinates":[[78.26763,26.26602],[78.26749,26.2661],[78.26638,26.26636],[78.26601,26.26652],[78.26579,26.26681],[78.26579,26.26698],[78.26597,26.26736],[78.26619,26.26772],[78.26632,26.26808],[78.26651,26.26838],[78.26682,26.26863],[78.26705,26.26907],[78.26722,26.26919],[78.26758,26.2692],[78.2677,26.26926],[78.26782,26.2695],[78.26806,26.27036],[78.26829,26.27064],[78.26845,26.271],[78.26816,26.27128],[78.26808,26.27157],[78.26832,26.27246],[78.26866,26.27301],[78.26863,26.27333],[78.26837,26.27367],[78.26829,26.27456],[78.26815,26.27477]]}},{"type":"Feature","properties":{},"geometry":{"type":"LineString","coordinates":[[78.26815,26.27477],[78.26798,26.27491]]}},{"type":"Feature","properties":{},"geometry":{"type":"LineString","coordinates":[[78.26798,26.27491],[78.26772,26.27524],[78.26708,26.2757],[78.26685,26.2762],[78.26681,26.27673],[78.26642,26.27711],[78.26615,26.27727],[78.26592,26.27756],[78.26569,26.2776],[78.26504,26.27785],[78.26471,26.27788],[78.26431,26.27777],[78.26368,26.27795],[78.26318,26.27798],[78.26251,26.27807],[78.26233,26.27813],[78.26188,26.27839],[78.26133,26.27882],[78.26084,26.27901],[78.26024,26.2792],[78.25978,26.27941],[78.25828,26.28002],[78.25809,26.28025],[78.25776,26.28047],[78.25707,26.28039],[78.25687,26.28045],[78.25613,26.2808],[78.25558,26.28124],[78.25531,26.28165],[78.25508,26.2818],[78.25487,26.28173],[78.25466,26.28139],[78.25449,26.28125],[78.2541,26.28135],[78.25371,26.28138],[78.25305,26.28168],[78.25267,26.28166],[78.2525,26.28172],[78.25223,26.2821],[78.25153,26.28255],[78.25142,26.28266],[78.25126,26.28301],[78.25115,26.28358],[78.25073,26.2836],[78.24997,26.28341],[78.24935,26.28338],[78.24821,26.28339],[78.24737,26.28335],[78.24722,26.28332],[78.24654,26.28279],[78.24614,26.2827],[78.24574,26.28269],[78.24512,26.28273],[78.24498,26.28279],[78.24475,26.2832],[78.2444,26.28353],[78.2443,26.28405],[78.24417,26.2842],[78.24344,26.28459],[78.24326,26.28477],[78.24324,26.28502],[78.24332,26.28559],[78.24282,26.28636],[78.24242,26.28694],[78.24212,26.28753],[78.24172,26.2881]]}},{"type":"Feature","properties":{},"geometry":{"type":"LineString","coordinates":[[78.22244,26.17118],[78.22304,26.17087],[78.224,26.17046],[78.22521,26.16988],[78.227,26.16901],[78.22741,26.1687],[78.2278,26.16803],[78.22794,26.16789],[78.22841,26.16767],[78.22913,26.16718],[78.2298,26.16669],[78.23019,26.16663],[78.23111,26.16683],[78.23256,26.16709],[78.23346,26.16731],[78.23384,26.16758],[78.23485,26.16879],[78.23496,26.16896],[78.23545,26.17015],[78.23556,26.17037],[78.2359,26.17076],[78.23619,26.171],[78.23719,26.17145],[78.23734,26.17147],[78.23782,26.17136],[78.23863,26.17098],[78.23932,26.17077],[78.23987,26.17047],[78.24042,26.17035],[78.24092,26.17034],[78.24316,26.17083],[78.24426,26.1711],[78.24444,26.17121],[78.24751,26.17362],[78.24813,26.17405],[78.24823,26.1742],[78.24863,26.17429],[78.24915,26.17464],[78.24926,26.17497],[78.24913,26.17647],[78.24916,26.17662],[78.24943,26.17724],[78.24967,26.17769],[78.25016,26.17786],[78.2534,26.17766],[78.25471,26.17752],[78.25679,26.17727],[78.25891,26.17702],[78.25988,26.17694],[78.26098,26.17691],[78.26182,26.17669],[78.26208,26.17666],[78.26282,26.17665],[78.26342,26.17653],[78.26491,26.17616],[78.2661,26.17604],[78.26631,26.17597],[78.26686,26.17562],[78.26716,26.17523],[78.26728,26.17496],[78.2674,26.17451],[78.26748,26.17437],[78.26798,26.17387],[78.26919,26.17333],[78.26982,26.17294],[78.27079,26.17254],[78.27155,26.17203],[78.27215,26.17177],[78.27271,26.17171],[78.27331,26.17175],[78.27395,26.17171]]}},{"type":"Feature","properties":{},"geometry":{"type":"LineString","coordinates":[[78.23578,26.26418],[78.23649,26.26474],[78.23698,26.26497],[78.23747,26.26535],[78.23797,26.26566],[78.23939,26.26666],[78.23991,26.26708],[78.24056,26.26743],[78.24183,26.26814],[78.24209,26.26837],[78.24267,26.26881],[78.24318,26.26902],[78.24371,26.26929],[78.24537,26.26997],[78.24616,26.2702],[78.24715,26.2703],[78.24797,26.27049],[78.24891,26.27068],[78.24979,26.271],[78.25027,26.2711],[78.2513,26.27128],[78.25254,26.27134],[78.25343,26.27146],[78.25379,26.27146],[78.25441,26.27154],[78.25518,26.2717],[78.25559,26.27174]]}},{"type":"Feature","properties":{},"geometry":{"type":"LineString","coordinates":[[78.23886,26.25439],[78.23881,26.25362],[78.23848,26.25252]]}},{"type":"Feature","properties":{},"geometry":{"type":"LineString","coordinates":[[78.23451,26.25582],[78.23403,26.25618],[78.23397,26.2563]]}},{"type":"Feature","properties":{},"geometry":{"type":"LineString","coordinates":[[78.22728,26.25839],[78.22773,26.25844],[78.23128,26.25734],[78.23188,26.25718],[78.23208,26.25716],[78.23258,26.25721],[78.23293,26.25709],[78.23338,26.25687],[78.23397,26.2563]]}},{"type":"Feature","properties":{},"geometry":{"type":"LineString","coordinates":[[78.24371,26.26929],[78.24417,26.26879],[78.24451,26.26848],[78.24505,26.26819],[78.24532,26.26792],[78.24583,26.26769],[78.24679,26.26714],[78.24701,26.26666],[78.24718,26.26646],[78.24776,26.26612],[78.24895,26.26563],[78.24947,26.26527],[78.24977,26.26518],[78.25011,26.26525],[78.25113,26.26599],[78.25128,26.26599],[78.2527,26.26554],[78.25307,26.26535],[78.25397,26.26496],[78.25414,26.26497],[78.25451,26.26533],[78.25478,26.26544],[78.25491,26.26558],[78.25533,26.26581],[78.25576,26.26595],[78.25634,26.26623],[78.25662,26.26657],[78.25715,26.26702],[78.25785,26.26736],[78.25843,26.26751],[78.25892,26.26739],[78.25915,26.26742],[78.25934,26.26772],[78.25938,26.2682]]}},{"type":"Feature","properties":{},"geometry":{"type":"LineString","coordinates":[[78.1769,26.22919],[78.17696,26.22919],[78.17832,26.229],[78.17873,26.22892]]}},{"type":"Feature","properties":{},"geometry":{"type":"LineString","coordinates":[[78.17653,26.22924],[78.1769,26.22919]]}},{"type":"Feature","properties":{},"geometry":{"type":"LineString","coordinates":[[78.17367,26.23994],[78.17415,26.23981]]}},{"type":"Feature","properties":{},"geometry":{"type":"LineString","coordinates":[[78.17352,26.23997],[78.17367,26.23994]]}},{"type":"Feature","properties":{},"geometry":{"type":"LineString","coordinates":[[78.16476,26.24156],[78.16478,26.24152],[78.16522,26.2407],[78.16531,26.24061],[78.16575,26.24034],[78.16594,26.24012],[78.1664,26.23979],[78.16657,26.23958],[78.16749,26.23907],[78.16769,26.23825],[78.16927,26.23786],[78.17096,26.23757],[78.17134,26.2376],[78.1715,26.23782],[78.1718,26.23809],[78.17227,26.23863],[78.17233,26.23921],[78.17282,26.2401],[78.17284,26.24014]]}},{"type":"Feature","properties":{},"geometry":{"type":"LineString","coordinates":[[78.16369,26.24235],[78.16379,26.24229]]}},{"type":"Feature","properties":{},"geometry":{"type":"LineString","coordinates":[[78.15421,26.23494],[78.15414,26.23496],[78.15223,26.23523],[78.15077,26.23541],[78.15017,26.23551],[78.14957,26.23564],[78.14886,26.23561],[78.14773,26.23547],[78.14728,26.23543]]}},{"type":"Feature","properties":{},"geometry":{"type":"LineString","coordinates":[[78.14732,26.23529],[78.14861,26.23548],[78.14918,26.23553],[78.14956,26.23553],[78.15024,26.23538],[78.15091,26.23528],[78.15346,26.23498],[78.15409,26.23486],[78.15417,26.23485]]}},{"type":"Feature","properties":{},"geometry":{"type":"LineString","coordinates":[[78.15105,26.19456],[78.15114,26.19471],[78.15139,26.19515],[78.15147,26.1954],[78.15156,26.19623],[78.15168,26.19653],[78.15186,26.19674],[78.1527,26.19707],[78.15336,26.19729],[78.15359,26.19732],[78.15403,26.19729]]}},{"type":"Feature","properties":{},"geometry":{"type":"LineString","coordinates":[[78.15403,26.19722],[78.15369,26.19726],[78.15332,26.1972],[78.15285,26.19706],[78.15188,26.19668],[78.15173,26.19649],[78.1516,26.19606],[78.15159,26.1957],[78.15146,26.1951],[78.15112,26.19453]]}},{"type":"Feature","properties":{},"geometry":{"type":"LineString","coordinates":[[78.14764,26.18614],[78.14756,26.18616],[78.14704,26.18631],[78.1463,26.18633],[78.14594,26.18638],[78.14565,26.18648]]}},{"type":"Feature","properties":{},"geometry":{"type":"LineString","coordinates":[[78.14565,26.18648],[78.14533,26.18646],[78.14414,26.1862],[78.14304,26.18601],[78.14259,26.18594],[78.14231,26.18604],[78.14196,26.18648],[78.14116,26.18717]]}},{"type":"Feature","properties":{},"geometry":{"type":"LineString","coordinates":[[78.1478,26.18652],[78.14772,26.18632],[78.14764,26.18614],[78.14743,26.18555],[78.14724,26.18491],[78.14684,26.1829],[78.14667,26.18196],[78.14669,26.1815],[78.14687,26.18107],[78.14729,26.1806],[78.14763,26.1804],[78.15018,26.1795]]}},{"type":"Feature","properties":{},"geometry":{"type":"LineString","coordinates":[[78.2158,26.17703],[78.2156,26.17726],[78.21514,26.17807],[78.21494,26.17838]]}},{"type":"Feature","properties":{},"geometry":{"type":"LineString","coordinates":[[78.24747,26.25127],[78.24754,26.25121]]}},{"type":"Feature","properties":{},"geometry":{"type":"LineString","coordinates":[[78.24754,26.25121],[78.24758,26.25115]]}},{"type":"Feature","properties":{},"geometry":{"type":"LineString","coordinates":[[78.24758,26.25115],[78.24779,26.25076],[78.24797,26.25069],[78.24885,26.25052],[78.24906,26.25054],[78.24944,26.25066],[78.24973,26.25064],[78.25055,26.25072],[78.25102,26.25092],[78.2519,26.25119],[78.25299,26.25119],[78.2538,26.25106],[78.25506,26.25103],[78.2565,26.25104],[78.25778,26.25096],[78.25871,26.25085],[78.25931,26.25071],[78.26148,26.25036],[78.26232,26.25026],[78.26287,26.25014],[78.26346,26.25018],[78.26454,26.25019],[78.26542,26.25023],[78.26571,26.25022],[78.26716,26.2503],[78.26809,26.25038],[78.26971,26.25072],[78.27093,26.25089],[78.27208,26.25091],[78.27302,26.25082],[78.27372,26.25079],[78.27482,26.25046],[78.27527,26.2501],[78.27555,26.2498],[78.276,26.24949],[78.2767,26.24918],[78.27731,26.24885],[78.27769,26.24867],[78.27863,26.24836],[78.27891,26.24818],[78.27905,26.24791],[78.27945,26.24762],[78.28028,26.24711],[78.28061,26.24649],[78.28095,26.2459],[78.28155,26.24516],[78.28209,26.24464],[78.28269,26.244],[78.28276,26.2438],[78.28262,26.24341]]}},{"type":"Feature","properties":{"highway":"primary"},"geometry":{"type":"LineString","coordinates":[[78.16302,26.20355],[78.16354,26.20435],[78.16401,26.20515],[78.16408,26.20533],[78.16409,26.20539],[78.16419,26.2055]]}},{"type":"Feature","properties":{"highway":"primary"},"geometry":{"type":"LineString","coordinates":[[78.16604,26.20791],[78.16612,26.20847]]}},{"type":"Feature","properties":{"highway":"primary"},"geometry":{"type":"LineString","coordinates":[[78.16604,26.20741],[78.16604,26.20791]]}},{"type":"Feature","properties":{"highway":"primary"},"geometry":{"type":"LineString","coordinates":[[78.16614,26.20744],[78.1661,26.2072],[78.16607,26.20712],[78.16599,26.20679],[78.16582,26.20645],[78.16555,26.20626],[78.16488,26.20592],[78.16465,26.20575],[78.16434,26.20542],[78.16425,26.20531],[78.1631,26.2035]]}},{"type":"Feature","properties":{"highway":"primary"},"geometry":{"type":"LineString","coordinates":[[78.16614,26.20792],[78.16614,26.20744]]}},{"type":"Feature","properties":{},"geometry":{"type":"LineString","coordinates":[[78.31613,26.1907],[78.31615,26.1908]]}},{"type":"Feature","properties":{},"geometry":{"type":"LineString","coordinates":[[78.31615,26.1908],[78.3162,26.19089],[78.3167,26.19124],[78.31678,26.1915],[78.3168,26.19196],[78.31686,26.19214],[78.31716,26.19247],[78.3173,26.19287],[78.31748,26.19351],[78.318,26.19477],[78.31831,26.19529],[78.31844,26.19565],[78.31862,26.19595],[78.319,26.19692]]}},{"type":"Feature","properties":{},"geometry":{"type":"LineString","coordinates":[[78.22069,26.22251],[78.2203,26.22252]]}},{"type":"Feature","properties":{},"geometry":{"type":"LineString","coordinates":[[78.2225,26.22231],[78.22125,26.22247],[78.22069,26.22251]]}},{"type":"Feature","properties":{},"geometry":{"type":"LineString","coordinates":[[78.15826,26.20187],[78.15845,26.20197],[78.15854,26.20213],[78.15857,26.20218],[78.15888,26.20243]]}},{"type":"Feature","properties":{},"geometry":{"type":"LineString","coordinates":[[78.16392,26.20663],[78.16398,26.2067],[78.16451,26.20727],[78.16496,26.20769],[78.16587,26.20838],[78.16616,26.20856]]}},{"type":"Feature","properties":{"highway":"primary"},"geometry":{"type":"LineString","coordinates":[[78.16612,26.20847],[78.16616,26.20856],[78.16641,26.20896],[78.16745,26.21084],[78.16785,26.21158],[78.16828,26.21197],[78.16863,26.2121],[78.16994,26.21212]]}},{"type":"Feature","properties":{},"geometry":{"type":"LineString","coordinates":[[78.25727,26.306],[78.25783,26.30582],[78.25945,26.30539],[78.25977,26.30517],[78.26007,26.30468],[78.26032,26.30452],[78.26112,26.30428],[78.26275,26.30385],[78.2629,26.3038]]}},{"type":"Feature","properties":{"highway":"primary"},"geometry":{"type":"LineString","coordinates":[[78.18497,26.15758],[78.18503,26.15728]]}},{"type":"Feature","properties":{"highway":"primary"},"geometry":{"type":"LineString","coordinates":[[78.17468,26.16772],[78.17464,26.16686],[78.17466,26.16644],[78.17478,26.16589],[78.1749,26.16555],[78.17525,26.16499],[78.17578,26.1643],[78.17628,26.16357],[78.17695,26.16299],[78.17733,26.16273],[78.1778,26.16247],[78.17888,26.16197],[78.18237,26.1607],[78.18284,26.16052],[78.18335,26.1602],[78.18407,26.15962],[78.18435,26.15933],[78.18456,26.15904],[78.18472,26.15862],[78.18497,26.15758]]}},{"type":"Feature","properties":{"highway":"primary"},"geometry":{"type":"LineString","coordinates":[[78.18491,26.15726],[78.18486,26.15757]]}},{"type":"Feature","properties":{"highway":"primary"},"geometry":{"type":"LineString","coordinates":[[78.18486,26.15757],[78.18476,26.15808],[78.18463,26.1586],[78.18447,26.159],[78.18427,26.15928],[78.184,26.15956],[78.18329,26.16013],[78.1828,26.16044],[78.17884,26.16189],[78.17775,26.16239],[78.17727,26.16266],[78.17689,26.16292],[78.17615,26.16356],[78.17539,26.16456],[78.17489,26.16527],[78.17473,26.16558],[78.17462,26.16592],[78.17455,26.16641],[78.17455,26.16769]]}},{"type":"Feature","properties":{},"geometry":{"type":"LineString","coordinates":[[78.18595,26.15309],[78.18586,26.15305]]}},{"type":"Feature","properties":{},"geometry":{"type":"LineString","coordinates":[[78.17829,26.25207],[78.17806,26.25064]]}},{"type":"Feature","properties":{},"geometry":{"type":"LineString","coordinates":[[78.17578,26.26324],[78.17565,26.26324]]}},{"type":"Feature","properties":{},"geometry":{"type":"LineString","coordinates":[[78.21302,26.26568],[78.2128,26.2657],[78.21033,26.26552]]}},{"type":"Feature","properties":{},"geometry":{"type":"LineString","coordinates":[[78.21314,26.26566],[78.21302,26.26568]]}},{"type":"Feature","properties":{},"geometry":{"type":"LineString","coordinates":[[78.30999,26.25995],[78.3102,26.26001]]}},{"type":"Feature","properties":{},"geometry":{"type":"LineString","coordinates":[[78.3102,26.26001],[78.31133,26.26045],[78.31158,26.26065],[78.31184,26.26117],[78.31237,26.26212],[78.31257,26.26227],[78.31425,26.26274],[78.31439,26.26281]]}},{"type":"Feature","properties":{},"geometry":{"type":"LineString","coordinates":[[78.17845,26.24075],[78.18003,26.24036],[78.18049,26.2402],[78.18079,26.24002],[78.18097,26.23998],[78.18307,26.23949],[78.18338,26.23958],[78.18659,26.24091],[78.18722,26.24121],[78.18765,26.24138],[78.18808,26.24156],[78.18969,26.24218],[78.1905,26.24256]]}},{"type":"Feature","properties":{},"geometry":{"type":"LineString","coordinates":[[78.18624,26.24548],[78.18649,26.24585],[78.18713,26.24673],[78.18788,26.24745],[78.18853,26.24814],[78.18891,26.2485]]}},{"type":"Feature","properties":{},"geometry":{"type":"LineString","coordinates":[[78.15464,26.15096],[78.15471,26.15083],[78.15489,26.14992],[78.15518,26.14897],[78.15545,26.14784],[78.1555,26.14754],[78.15564,26.14527],[78.15573,26.14489],[78.15591,26.14451],[78.15651,26.14366],[78.15709,26.14265],[78.15744,26.14164],[78.15783,26.14131],[78.15892,26.1409],[78.15923,26.14074],[78.1603,26.13997],[78.1604,26.13963],[78.16038,26.13911],[78.16053,26.13868],[78.16073,26.13791],[78.1609,26.13763],[78.16121,26.13741],[78.16125,26.13728],[78.1612,26.13628],[78.16102,26.13601],[78.16096,26.13581],[78.16107,26.13531],[78.16104,26.13468],[78.16106,26.13394],[78.16103,26.13343],[78.16091,26.13293],[78.16082,26.13206],[78.16069,26.13155],[78.16063,26.13106],[78.16044,26.1301],[78.16042,26.12989],[78.16076,26.12876],[78.16121,26.12701],[78.16131,26.1261],[78.16141,26.12585],[78.16185,26.12529],[78.16246,26.12463],[78.16319,26.12369],[78.16351,26.12336],[78.16398,26.12307],[78.16424,26.12299],[78.1644,26.12283],[78.16466,26.12224],[78.16477,26.12176],[78.16478,26.12091],[78.16485,26.1206],[78.16503,26.12022],[78.16536,26.11915],[78.16551,26.119]]}},{"type":"Feature","properties":{},"geometry":{"type":"LineString","coordinates":[[78.15456,26.15103],[78.15464,26.15096]]}},{"type":"Feature","properties":{},"geometry":{"type":"LineString","coordinates":[[78.21749,26.25838],[78.21871,26.25847],[78.22181,26.25867],[78.22261,26.25869],[78.22417,26.25882],[78.22423,26.25903],[78.22464,26.25908],[78.22513,26.25922],[78.22565,26.25931],[78.22643,26.25947],[78.22664,26.25956]]}},{"type":"Feature","properties":{"highway":"primary"},"geometry":{"type":"LineString","coordinates":[[78.28105,26.23577],[78.28075,26.23567],[78.28038,26.23555],[78.27727,26.23467],[78.27648,26.23438],[78.27526,26.23386],[78.27284,26.2328],[78.27147,26.23224],[78.2703,26.23186],[78.26659,26.2306],[78.26604,26.2305],[78.26553,26.23044],[78.26482,26.23045],[78.26387,26.23039],[78.26243,26.23035]]}},{"type":"Feature","properties":{"highway":"primary"},"geometry":{"type":"LineString","coordinates":[[78.26243,26.23035],[78.2622,26.23033]]}},{"type":"Feature","properties":{"highway":"primary"},"geometry":{"type":"LineString","coordinates":[[78.2622,26.23033],[78.26191,26.23029],[78.2603,26.22984],[78.25753,26.2289],[78.25397,26.22783],[78.25351,26.22769]]}},{"type":"Feature","properties":{"highway":"primary"},"geometry":{"type":"LineString","coordinates":[[78.25351,26.22769],[78.25339,26.22766]]}},{"type":"Feature","properties":{"highway":"primary"},"geometry":{"type":"LineString","coordinates":[[78.25339,26.22766],[78.25223,26.2273],[78.25091,26.22726],[78.24928,26.22718],[78.24758,26.22712],[78.24601,26.22702]]}},{"type":"Feature","properties":{"highway":"primary"},"geometry":{"type":"LineString","coordinates":[[78.24594,26.22695],[78.24587,26.22702],[78.24595,26.22707],[78.24601,26.22702],[78.24594,26.22695]]}},{"type":"Feature","properties":{},"geometry":{"type":"LineString","coordinates":[[78.14113,26.18717],[78.14052,26.18682],[78.13968,26.18648],[78.13942,26.1863],[78.13913,26.18625],[78.13847,26.18661],[78.13803,26.18678],[78.13772,26.18668],[78.13684,26.18587],[78.13518,26.18471],[78.13464,26.18437],[78.13309,26.18329],[78.13241,26.18283],[78.13231,26.18283]]}},{"type":"Feature","properties":{},"geometry":{"type":"LineString","coordinates":[[78.13231,26.18283],[78.13236,26.18289],[78.13314,26.18341],[78.13459,26.18442],[78.13512,26.18477],[78.13681,26.1859],[78.13739,26.18646],[78.13785,26.18682],[78.13811,26.18682],[78.1385,26.18665],[78.13911,26.18629],[78.13933,26.18634],[78.13966,26.18653],[78.14053,26.1869],[78.14109,26.18721]]}},{"type":"Feature","properties":{"highway":"primary"},"geometry":{"type":"LineString","coordinates":[[78.1224,26.14051],[78.12219,26.14047]]}},{"type":"Feature","properties":{"highway":"primary"},"geometry":{"type":"LineString","coordinates":[[78.12219,26.14047],[78.12077,26.14028],[78.11518,26.13961],[78.10463,26.1383],[78.10402,26.13815]]}},{"type":"Feature","properties":{"highway":"primary"},"geometry":{"type":"LineString","coordinates":[[78.12218,26.14055],[78.12238,26.14058]]}},{"type":"Feature","properties":{"highway":"primary"},"geometry":{"type":"LineString","coordinates":[[78.1042,26.13828],[78.1046,26.13839],[78.11517,26.13971],[78.12074,26.14037],[78.12218,26.14055]]}},{"type":"Feature","properties":{},"geometry":{"type":"LineString","coordinates":[[78.12867,26.25393],[78.12868,26.25387]]}},{"type":"Feature","properties":{},"geometry":{"type":"LineString","coordinates":[[78.12868,26.25387],[78.12869,26.25383],[78.12867,26.25354],[78.1284,26.25287],[78.12834,26.25221],[78.12825,26.2519],[78.12808,26.25158],[78.12762,26.24988],[78.12756,26.24924],[78.12745,26.24894],[78.12746,26.24839],[78.1273,26.24793],[78.12709,26.24767],[78.12691,26.24719],[78.12702,26.24708]]}},{"type":"Feature","properties":{},"geometry":{"type":"LineString","coordinates":[[78.2629,26.3038],[78.263,26.30376]]}},{"type":"Feature","properties":{},"geometry":{"type":"LineString","coordinates":[[78.263,26.30376],[78.26345,26.3035],[78.26395,26.30331],[78.26435,26.3032],[78.26529,26.30287],[78.26591,26.30247],[78.26659,26.30212],[78.26706,26.30194],[78.26782,26.30189],[78.26826,26.30182],[78.26875,26.30164],[78.26928,26.30121],[78.26982,26.30068],[78.27051,26.29988],[78.27181,26.29865],[78.27233,26.29811],[78.27347,26.29724],[78.27405,26.29683],[78.2756,26.29594],[78.27615,26.29567],[78.27721,26.29524],[78.27889,26.29437],[78.2796,26.2939],[78.28003,26.29356],[78.28124,26.29256],[78.2816,26.29228],[78.28185,26.29214],[78.28227,26.29216]]}},{"type":"Feature","properties":{},"geometry":{"type":"LineString","coordinates":[[78.11803,26.115],[78.11845,26.11558],[78.11875,26.11626],[78.11892,26.11643]]}},{"type":"Feature","properties":{},"geometry":{"type":"LineString","coordinates":[[78.16909,26.13257],[78.16953,26.13211],[78.17011,26.13169],[78.17069,26.13115],[78.1709,26.13102],[78.1714,26.13091],[78.1719,26.13087],[78.17255,26.13057],[78.17272,26.13056],[78.17293,26.13068],[78.17339,26.13112],[78.17405,26.13117],[78.17447,26.13138],[78.17478,26.13147],[78.17498,26.13146],[78.17553,26.13129],[78.17603,26.1312],[78.17623,26.13103],[78.17646,26.13072],[78.17703,26.13026],[78.17784,26.1299]]}},{"type":"Feature","properties":{},"geometry":{"type":"LineString","coordinates":[[78.1612,26.13628],[78.16189,26.13628],[78.16239,26.13643],[78.16282,26.13667],[78.16354,26.13683],[78.16371,26.13683],[78.16422,26.13665],[78.1646,26.13673],[78.16485,26.13654],[78.16564,26.13617],[78.16643,26.1357],[78.1671,26.13534],[78.16719,26.13519],[78.16717,26.13462],[78.16793,26.13394],[78.16903,26.13263]]}},{"type":"Feature","properties":{},"geometry":{"type":"LineString","coordinates":[[78.21813,26.18887],[78.21772,26.18902]]}},{"type":"Feature","properties":{},"geometry":{"type":"LineString","coordinates":[[78.21822,26.18885],[78.21813,26.18887]]}},{"type":"Feature","properties":{},"geometry":{"type":"LineString","coordinates":[[78.19999,26.19398],[78.19904,26.19411],[78.19871,26.19421],[78.19843,26.19436],[78.19804,26.1947],[78.19796,26.19489],[78.19794,26.1952],[78.19785,26.19542],[78.19762,26.19569],[78.19715,26.19605],[78.19673,26.19644],[78.19615,26.19681],[78.19588,26.19711],[78.19559,26.19761],[78.19545,26.1979],[78.19551,26.19823],[78.19617,26.1989],[78.19626,26.19899],[78.19662,26.19936],[78.19671,26.19958],[78.19847,26.20327],[78.19947,26.20541],[78.19952,26.20552]]}},{"type":"Feature","properties":{},"geometry":{"type":"LineString","coordinates":[[78.21455,26.18928],[78.21452,26.18935]]}},{"type":"Feature","properties":{},"geometry":{"type":"LineString","coordinates":[[78.21459,26.18938],[78.21462,26.18931]]}},{"type":"Feature","properties":{},"geometry":{"type":"LineString","coordinates":[[78.21462,26.18931],[78.21487,26.18881],[78.21531,26.18771],[78.21546,26.18744]]}},{"type":"Feature","properties":{},"geometry":{"type":"LineString","coordinates":[[78.21438,26.18961],[78.21392,26.19038],[78.21354,26.19072],[78.21271,26.19115],[78.21213,26.19157],[78.21097,26.19251],[78.20992,26.19338],[78.20964,26.19351],[78.20928,26.19353],[78.20856,26.19333],[78.20831,26.19322],[78.20664,26.19239],[78.20639,26.19233],[78.206,26.19239],[78.20543,26.19254],[78.20447,26.19264],[78.20403,26.19279],[78.2035,26.19311],[78.20324,26.19347],[78.2029,26.19363],[78.19999,26.19398]]}},{"type":"Feature","properties":{},"geometry":{"type":"LineString","coordinates":[[78.16616,26.20856],[78.16628,26.2085]]}},{"type":"Feature","properties":{"highway":"primary"},"geometry":{"type":"LineString","coordinates":[[78.16992,26.21199],[78.16872,26.21197],[78.16825,26.21181],[78.168,26.21157],[78.16774,26.21115],[78.16741,26.21052],[78.16658,26.209],[78.16628,26.2085],[78.16616,26.20821]]}},{"type":"Feature","properties":{"highway":"primary"},"geometry":{"type":"LineString","coordinates":[[78.16994,26.21212],[78.17,26.21216],[78.17014,26.21214],[78.17018,26.21209],[78.17016,26.21196],[78.17011,26.21192],[78.16992,26.21199],[78.16994,26.21212]]}},{"type":"Feature","properties":{"highway":"primary"},"geometry":{"type":"LineString","coordinates":[[78.17297,26.21184],[78.17401,26.21184],[78.17492,26.212],[78.17557,26.21215],[78.17703,26.21245]]}},{"type":"Feature","properties":{},"geometry":{"type":"LineString","coordinates":[[78.17084,26.21543],[78.17052,26.21392],[78.17019,26.21252],[78.17014,26.21214]]}},{"type":"Feature","properties":{},"geometry":{"type":"LineString","coordinates":[[78.17,26.21216],[78.17017,26.21276],[78.17044,26.21392],[78.17063,26.21483],[78.17077,26.21544]]}},{"type":"Feature","properties":{"highway":"primary"},"geometry":{"type":"LineString","coordinates":[[78.17237,26.21185],[78.17297,26.21184]]}},{"type":"Feature","properties":{"highway":"primary"},"geometry":{"type":"LineString","coordinates":[[78.17018,26.21209],[78.17063,26.21205],[78.17158,26.21193],[78.17237,26.21185]]}},{"type":"Feature","properties":{"highway":"primary"},"geometry":{"type":"LineString","coordinates":[[78.18116,26.21377],[78.18151,26.21412],[78.18201,26.21457]]}},{"type":"Feature","properties":{"highway":"primary"},"geometry":{"type":"LineString","coordinates":[[78.17718,26.21244],[78.17748,26.21248]]}},{"type":"Feature","properties":{"highway":"primary"},"geometry":{"type":"LineString","coordinates":[[78.17748,26.21248],[78.17959,26.21292],[78.18016,26.21305],[78.18065,26.21325],[78.1809,26.21345],[78.18116,26.21377]]}},{"type":"Feature","properties":{},"geometry":{"type":"LineString","coordinates":[[78.20874,26.27215],[78.2087,26.2729],[78.20862,26.27386],[78.20851,26.27556],[78.20848,26.27627],[78.20842,26.27707],[78.20818,26.27838],[78.20826,26.27881],[78.20839,26.279],[78.20924,26.28057],[78.20999,26.28198],[78.21005,26.28216],[78.21004,26.28247],[78.20991,26.28306],[78.21016,26.28351]]}},{"type":"Feature","properties":{},"geometry":{"type":"LineString","coordinates":[[78.21087,26.2604],[78.21082,26.26049],[78.21067,26.26176],[78.21039,26.26432],[78.21038,26.26437],[78.21021,26.26597],[78.21013,26.26606],[78.20937,26.26667],[78.20914,26.26703],[78.20903,26.26742],[78.20898,26.26787],[78.20889,26.26938],[78.20888,26.26946],[78.20867,26.27201],[78.20874,26.27215]]}},{"type":"Feature","properties":{},"geometry":{"type":"LineString","coordinates":[[78.21087,26.2604],[78.21087,26.26034],[78.21087,26.26019]]}},{"type":"Feature","properties":{},"geometry":{"type":"LineString","coordinates":[[78.21289,26.26455],[78.21236,26.26442],[78.21049,26.26432],[78.21039,26.26432],[78.20874,26.26423],[78.20831,26.26423],[78.20677,26.26416]]}},{"type":"Feature","properties":{},"geometry":{"type":"LineString","coordinates":[[78.21383,26.2673],[78.21388,26.26731],[78.21506,26.26723],[78.21669,26.26709]]}},{"type":"Feature","properties":{},"geometry":{"type":"LineString","coordinates":[[78.21383,26.2673],[78.2138,26.2673]]}},{"type":"Feature","properties":{},"geometry":{"type":"LineString","coordinates":[[78.09648,26.30479],[78.09657,26.30478]]}},{"type":"Feature","properties":{},"geometry":{"type":"LineString","coordinates":[[78.09208,26.30504],[78.09216,26.30501]]}},{"type":"Feature","properties":{},"geometry":{"type":"LineString","coordinates":[[78.102,26.30204],[78.10205,26.30199]]}},{"type":"Feature","properties":{},"geometry":{"type":"LineString","coordinates":[[78.10205,26.30199],[78.10224,26.30172]]}},{"type":"Feature","properties":{},"geometry":{"type":"LineString","coordinates":[[78.09925,26.29382],[78.09929,26.29403]]}},{"type":"Feature","properties":{},"geometry":{"type":"LineString","coordinates":[[78.10084,26.28358],[78.10024,26.28408],[78.09896,26.28504],[78.09865,26.28525],[78.09815,26.28566],[78.09716,26.28644],[78.09702,26.28649]]}},{"type":"Feature","properties":{},"geometry":{"type":"LineString","coordinates":[[78.10095,26.28346],[78.10084,26.28358]]}},{"type":"Feature","properties":{},"geometry":{"type":"LineString","coordinates":[[78.09687,26.2865],[78.0966,26.28659],[78.09648,26.28684],[78.09629,26.28771],[78.0961,26.28815],[78.09522,26.28935],[78.09494,26.28978]]}},{"type":"Feature","properties":{},"geometry":{"type":"LineString","coordinates":[[78.09702,26.28649],[78.09687,26.2865]]}},{"type":"Feature","properties":{},"geometry":{"type":"LineString","coordinates":[[78.08598,26.29064],[78.08613,26.29063]]}},{"type":"Feature","properties":{},"geometry":{"type":"LineString","coordinates":[[78.08213,26.29351],[78.08227,26.29343]]}},{"type":"Feature","properties":{},"geometry":{"type":"LineString","coordinates":[[78.0754,26.29782],[78.07551,26.29772]]}},{"type":"Feature","properties":{},"geometry":{"type":"LineString","coordinates":[[78.14008,26.29211],[78.14027,26.29187],[78.14054,26.29139],[78.14084,26.29121],[78.14176,26.29076],[78.14215,26.29063],[78.14246,26.29057],[78.14289,26.29066],[78.14325,26.29088],[78.14395,26.29109],[78.14434,26.29113],[78.14467,26.29112],[78.14538,26.29102],[78.14599,26.29099],[78.1464,26.29093],[78.147,26.29068],[78.1475,26.29026],[78.14769,26.28995],[78.14792,26.28987],[78.14839,26.28978],[78.1487,26.28947],[78.14892,26.28936],[78.14953,26.28924],[78.15032,26.28912],[78.15073,26.28909],[78.15131,26.28899],[78.15178,26.28888],[78.15214,26.28873],[78.15247,26.28845],[78.15291,26.28835],[78.15373,26.2881],[78.15425,26.28803],[78.1553,26.28796]]}},{"type":"Feature","properties":{},"geometry":{"type":"LineString","coordinates":[[78.12077,26.2981],[78.1217,26.29831],[78.1226,26.29867],[78.12317,26.29892],[78.12351,26.29913],[78.12476,26.29978],[78.12558,26.30019],[78.12596,26.30044],[78.12617,26.30041],[78.12666,26.30007],[78.12735,26.29969],[78.12759,26.29943],[78.12797,26.29914],[78.12867,26.29844],[78.1291,26.29817],[78.12944,26.29785],[78.13024,26.29738],[78.13048,26.29713],[78.13106,26.29586],[78.13137,26.29566],[78.132,26.29549],[78.13259,26.29517],[78.13286,26.2951],[78.13364,26.29508],[78.13395,26.29496],[78.13405,26.29484],[78.13413,26.29421],[78.13425,26.29362]]}},{"type":"Feature","properties":{},"geometry":{"type":"LineString","coordinates":[[78.21842,26.27275],[78.21885,26.27269]]}},{"type":"Feature","properties":{},"geometry":{"type":"LineString","coordinates":[[78.21869,26.27237],[78.21842,26.27275]]}},{"type":"Feature","properties":{},"geometry":{"type":"LineString","coordinates":[[78.21289,26.26455],[78.21327,26.26455]]}},{"type":"Feature","properties":{},"geometry":{"type":"LineString","coordinates":[[78.20753,26.26004],[78.20751,26.26014],[78.20733,26.26102],[78.20711,26.26223],[78.20702,26.26263],[78.20677,26.26416],[78.20677,26.26422]]}},{"type":"Feature","properties":{},"geometry":{"type":"LineString","coordinates":[[78.03813,26.24022],[78.03823,26.24039],[78.03829,26.24071],[78.03835,26.24136],[78.03857,26.24213],[78.03906,26.24285],[78.04038,26.24474],[78.04055,26.24497]]}},{"type":"Feature","properties":{},"geometry":{"type":"LineString","coordinates":[[78.03801,26.24005],[78.03813,26.24022]]}},{"type":"Feature","properties":{},"geometry":{"type":"LineString","coordinates":[[78.037,26.23465],[78.03764,26.23776],[78.03783,26.23849],[78.0379,26.23902],[78.03785,26.23976],[78.03801,26.24005]]}},{"type":"Feature","properties":{},"geometry":{"type":"LineString","coordinates":[[78.04485,26.24713],[78.04491,26.24713]]}},{"type":"Feature","properties":{},"geometry":{"type":"LineString","coordinates":[[78.08352,26.24771],[78.08353,26.24756],[78.08386,26.24676],[78.0841,26.24641],[78.08441,26.24617],[78.08487,26.24591],[78.0859,26.24553],[78.08708,26.24519],[78.08745,26.24514],[78.08784,26.2452],[78.08935,26.24589],[78.08963,26.24605],[78.09003,26.24638],[78.09041,26.24674],[78.09138,26.24798],[78.09158,26.24827]]}},{"type":"Feature","properties":{},"geometry":{"type":"LineString","coordinates":[[78.04055,26.24497],[78.04069,26.24516]]}},{"type":"Feature","properties":{},"geometry":{"type":"LineString","coordinates":[[78.21653,26.25229],[78.21656,26.25211],[78.21664,26.24976],[78.21678,26.24747],[78.21687,26.24601],[78.21691,26.24548],[78.21709,26.24445],[78.21709,26.24422],[78.21698,26.24362]]}},{"type":"Feature","properties":{"highway":"primary"},"geometry":{"type":"LineString","coordinates":[[78.21642,26.2524],[78.21665,26.25303],[78.21698,26.25447],[78.21735,26.2562],[78.21741,26.25662],[78.21745,26.25748],[78.21742,26.25811],[78.21739,26.25835],[78.21727,26.25937],[78.21708,26.2613],[78.21702,26.26199],[78.21676,26.26432],[78.21664,26.26538],[78.21657,26.26606],[78.21658,26.26651],[78.21667,26.26702],[78.21669,26.26709],[78.21685,26.26753],[78.21729,26.26862],[78.21754,26.26936],[78.21782,26.27007],[78.21785,26.27018],[78.21845,26.27184],[78.21869,26.27237],[78.21885,26.27269],[78.21942,26.27352],[78.21973,26.2739],[78.22276,26.27758],[78.22336,26.27826],[78.22361,26.27851],[78.22422,26.27894],[78.22613,26.28014],[78.22621,26.28015]]}},{"type":"Feature","properties":{"highway":"primary"},"geometry":{"type":"LineString","coordinates":[[78.13362,26.27111],[78.13744,26.26937],[78.14077,26.26789],[78.14357,26.2666],[78.14691,26.2651],[78.14887,26.26422],[78.15143,26.26305],[78.15349,26.26213],[78.16096,26.25827],[78.16126,26.25811],[78.16141,26.25803],[78.16151,26.25798],[78.16605,26.25575]]}},{"type":"Feature","properties":{},"geometry":{"type":"LineString","coordinates":[[78.16017,26.26945],[78.16006,26.2694]]}},{"type":"Feature","properties":{},"geometry":{"type":"LineString","coordinates":[[78.16554,26.26953],[78.16547,26.26953]]}},{"type":"Feature","properties":{},"geometry":{"type":"LineString","coordinates":[[78.16595,26.27302],[78.16597,26.27295]]}},{"type":"Feature","properties":{},"geometry":{"type":"LineString","coordinates":[[78.15585,26.18006],[78.15585,26.17956],[78.15589,26.17943],[78.15631,26.17895],[78.15642,26.17888],[78.15726,26.17866],[78.158,26.1782],[78.15824,26.1778],[78.1584,26.17765],[78.15907,26.1773],[78.15959,26.17697],[78.15991,26.17706],[78.16014,26.17704]]}},{"type":"Feature","properties":{},"geometry":{"type":"LineString","coordinates":[[78.19089,26.29356],[78.19156,26.29234],[78.19238,26.29094],[78.19312,26.28956],[78.19361,26.28869],[78.19467,26.28676],[78.19565,26.28503],[78.19654,26.28342],[78.19682,26.28293],[78.19793,26.28094],[78.20048,26.2764],[78.20114,26.27525],[78.20154,26.27442],[78.20189,26.2738],[78.20229,26.27317],[78.20264,26.27249],[78.20295,26.27196]]}},{"type":"Feature","properties":{},"geometry":{"type":"LineString","coordinates":[[78.19083,26.29365],[78.19087,26.29359]]}},{"type":"Feature","properties":{},"geometry":{"type":"LineString","coordinates":[[78.18803,26.29868],[78.18937,26.29627]]}},{"type":"Feature","properties":{},"geometry":{"type":"LineString","coordinates":[[78.18799,26.29876],[78.18803,26.29868]]}},{"type":"Feature","properties":{},"geometry":{"type":"LineString","coordinates":[[78.18346,26.19973],[78.18467,26.19977],[78.18482,26.2001],[78.18581,26.20003],[78.18655,26.19996],[78.18714,26.19987],[78.18769,26.19983],[78.1883,26.19982]]}},{"type":"Feature","properties":{},"geometry":{"type":"LineString","coordinates":[[78.14555,26.24294],[78.14626,26.24222],[78.14703,26.24181],[78.14759,26.24153],[78.14834,26.2411],[78.14905,26.24076],[78.14965,26.2406],[78.15031,26.2405],[78.15079,26.24049],[78.15118,26.24053],[78.15234,26.24081],[78.15343,26.24104],[78.15497,26.24131],[78.15642,26.24163],[78.1565,26.24165],[78.1577,26.24196],[78.1586,26.24206],[78.15975,26.24206],[78.16001,26.24207],[78.16083,26.2422],[78.16234,26.24232],[78.16298,26.24246],[78.16331,26.24249],[78.1635,26.24245]]}},{"type":"Feature","properties":{},"geometry":{"type":"LineString","coordinates":[[78.15639,26.24155],[78.15531,26.24133],[78.15346,26.24098],[78.15121,26.24049],[78.15078,26.24044],[78.15028,26.24045],[78.14962,26.24054],[78.14897,26.24073],[78.14826,26.24105],[78.14753,26.24148],[78.14697,26.24174],[78.14637,26.24206],[78.14603,26.24234],[78.14562,26.24278],[78.14555,26.24294]]}},{"type":"Feature","properties":{},"geometry":{"type":"LineString","coordinates":[[78.15104,26.21849],[78.1515,26.21898],[78.15182,26.21955]]}},{"type":"Feature","properties":{},"geometry":{"type":"LineString","coordinates":[[78.153,26.20776],[78.15368,26.20782],[78.15482,26.20773],[78.15506,26.20769],[78.15529,26.20757],[78.15546,26.20736],[78.15572,26.20662],[78.15596,26.20617],[78.15626,26.20609],[78.15813,26.20674]]}},{"type":"Feature","properties":{},"geometry":{"type":"LineString","coordinates":[[78.153,26.20776],[78.15299,26.2077]]}},{"type":"Feature","properties":{},"geometry":{"type":"LineString","coordinates":[[78.14811,26.20063],[78.14801,26.20065],[78.14804,26.20074],[78.14814,26.2007],[78.14811,26.20063]]}},{"type":"Feature","properties":{},"geometry":{"type":"LineString","coordinates":[[78.14814,26.2007],[78.14864,26.20137],[78.14865,26.20147],[78.14863,26.20154],[78.14779,26.20225],[78.14745,26.2027],[78.1472,26.20312],[78.14681,26.20409],[78.14643,26.20528],[78.1463,26.20561]]}},{"type":"Feature","properties":{},"geometry":{"type":"LineString","coordinates":[[78.15413,26.20422],[78.15519,26.2046],[78.15587,26.20491],[78.1568,26.20523],[78.15711,26.20557],[78.15729,26.20563],[78.15735,26.20626]]}},{"type":"Feature","properties":{},"geometry":{"type":"LineString","coordinates":[[78.19027,26.29277],[78.19058,26.29332],[78.19089,26.29356]]}},{"type":"Feature","properties":{},"geometry":{"type":"LineString","coordinates":[[78.18786,26.20119],[78.18812,26.20163],[78.18807,26.20279],[78.18807,26.20346]]}},{"type":"Feature","properties":{},"geometry":{"type":"LineString","coordinates":[[78.23616,26.20601],[78.23634,26.20592]]}},{"type":"Feature","properties":{},"geometry":{"type":"LineString","coordinates":[[78.23616,26.20601],[78.23591,26.20728],[78.23561,26.20895],[78.23489,26.21254],[78.23474,26.21332],[78.23458,26.21384],[78.2341,26.21478],[78.23362,26.21579],[78.23301,26.21693],[78.23236,26.21786],[78.23184,26.21841],[78.23129,26.21893]]}},{"type":"Feature","properties":{},"geometry":{"type":"LineString","coordinates":[[78.2289,26.18132],[78.22944,26.18069],[78.22988,26.1801],[78.23061,26.17887],[78.23102,26.17823],[78.23158,26.17662],[78.23173,26.17587],[78.23237,26.17426],[78.23254,26.17361],[78.23268,26.17333],[78.23313,26.17271],[78.23378,26.17197],[78.23428,26.1712],[78.23445,26.17102],[78.23502,26.17069],[78.2354,26.17064],[78.2359,26.17076]]}},{"type":"Feature","properties":{},"geometry":{"type":"LineString","coordinates":[[78.23502,26.17069],[78.23545,26.17015]]}},{"type":"Feature","properties":{},"geometry":{"type":"LineString","coordinates":[[78.18086,26.23391],[78.18064,26.23408],[78.18058,26.23427]]}},{"type":"Feature","properties":{},"geometry":{"type":"LineString","coordinates":[[78.18182,26.22739],[78.18184,26.22818],[78.18173,26.2286],[78.18148,26.22936],[78.18139,26.22992],[78.18127,26.23099],[78.18122,26.23186],[78.18119,26.2329],[78.18112,26.23347],[78.18102,26.23378]]}},{"type":"Feature","properties":{},"geometry":{"type":"LineString","coordinates":[[78.1813,26.23188],[78.18131,26.2318],[78.18133,26.2312],[78.18143,26.23015]]}},{"type":"Feature","properties":{},"geometry":{"type":"LineString","coordinates":[[78.18058,26.23427],[78.18027,26.23534],[78.18002,26.23589],[78.17992,26.2363],[78.17975,26.23669],[78.17943,26.23714],[78.17876,26.23835],[78.17867,26.2385],[78.17861,26.23864],[78.17849,26.23915]]}},{"type":"Feature","properties":{},"geometry":{"type":"LineString","coordinates":[[78.18057,26.23381],[78.18064,26.23408]]}},{"type":"Feature","properties":{},"geometry":{"type":"LineString","coordinates":[[78.22237,26.20161],[78.22223,26.20231]]}},{"type":"Feature","properties":{},"geometry":{"type":"LineString","coordinates":[[78.22234,26.20147],[78.22237,26.20161]]}},{"type":"Feature","properties":{},"geometry":{"type":"LineString","coordinates":[[78.15496,26.19311],[78.1542,26.19343],[78.15239,26.19398],[78.15135,26.19419],[78.15093,26.19434]]}},{"type":"Feature","properties":{},"geometry":{"type":"LineString","coordinates":[[78.18059,26.22086],[78.18049,26.22038],[78.18012,26.21884]]}},{"type":"Feature","properties":{},"geometry":{"type":"LineString","coordinates":[[78.18059,26.22086],[78.18057,26.22096],[78.18068,26.2214],[78.18126,26.22414],[78.18139,26.22493],[78.18148,26.22556],[78.18182,26.22739]]}},{"type":"Feature","properties":{},"geometry":{"type":"LineString","coordinates":[[78.18191,26.22734],[78.18188,26.22707],[78.18157,26.22552],[78.18147,26.22489],[78.1814,26.22445],[78.18105,26.22266],[78.18076,26.22139],[78.18059,26.22086]]}},{"type":"Feature","properties":{},"geometry":{"type":"LineString","coordinates":[[78.17127,26.19309],[78.16958,26.19265],[78.16833,26.1923],[78.16759,26.1919],[78.16719,26.1917],[78.16664,26.19136],[78.16653,26.19133],[78.16566,26.19132],[78.1636,26.19122]]}},{"type":"Feature","properties":{},"geometry":{"type":"LineString","coordinates":[[78.17173,26.19325],[78.17127,26.19309]]}},{"type":"Feature","properties":{},"geometry":{"type":"LineString","coordinates":[[78.22235,26.17128],[78.22244,26.17118]]}},{"type":"Feature","properties":{},"geometry":{"type":"LineString","coordinates":[[78.22244,26.17118],[78.22231,26.17122]]}},{"type":"Feature","properties":{},"geometry":{"type":"LineString","coordinates":[[78.16256,26.20026],[78.16212,26.1996],[78.16129,26.1981],[78.16081,26.19714],[78.16033,26.19627],[78.15973,26.19507]]}},{"type":"Feature","properties":{},"geometry":{"type":"LineString","coordinates":[[78.23017,26.21905],[78.23029,26.21905],[78.23105,26.21909]]}},{"type":"Feature","properties":{},"geometry":{"type":"LineString","coordinates":[[78.23017,26.21905],[78.23006,26.219],[78.22897,26.21895],[78.22692,26.21881],[78.22516,26.2187],[78.2236,26.21858],[78.22294,26.21858]]}},{"type":"Feature","properties":{},"geometry":{"type":"LineString","coordinates":[[78.22294,26.21858],[78.22305,26.21862],[78.22414,26.21868],[78.22521,26.21877],[78.22759,26.21891],[78.22848,26.21899],[78.23004,26.21907],[78.23017,26.21905]]}},{"type":"Feature","properties":{},"geometry":{"type":"LineString","coordinates":[[78.23117,26.21912],[78.23259,26.21991]]}},{"type":"Feature","properties":{},"geometry":{"type":"LineString","coordinates":[[78.23113,26.219],[78.23105,26.21909],[78.23117,26.21912],[78.23119,26.21908],[78.23113,26.219]]}},{"type":"Feature","properties":{},"geometry":{"type":"LineString","coordinates":[[78.23129,26.21893],[78.23113,26.219]]}},{"type":"Feature","properties":{},"geometry":{"type":"LineString","coordinates":[[78.23119,26.21908],[78.23129,26.21893]]}},{"type":"Feature","properties":{},"geometry":{"type":"LineString","coordinates":[[78.23259,26.21991],[78.23339,26.22035]]}},{"type":"Feature","properties":{},"geometry":{"type":"LineString","coordinates":[[78.23339,26.22035],[78.23385,26.2206],[78.2349,26.22112],[78.23626,26.22189],[78.23637,26.22199],[78.23649,26.22226],[78.23644,26.22349],[78.23639,26.22406],[78.23637,26.22453],[78.23642,26.22495],[78.23678,26.22616],[78.23699,26.22678],[78.23714,26.22756]]}},{"type":"Feature","properties":{},"geometry":{"type":"LineString","coordinates":[[78.22194,26.21879],[78.22198,26.21896],[78.22219,26.2203],[78.22222,26.22036]]}},{"type":"Feature","properties":{},"geometry":{"type":"LineString","coordinates":[[78.22222,26.22036],[78.22225,26.22028],[78.22205,26.21879]]}},{"type":"Feature","properties":{},"geometry":{"type":"LineString","coordinates":[[78.19223,26.23659],[78.19254,26.23658],[78.19302,26.23669],[78.19371,26.23672],[78.19378,26.23667]]}},{"type":"Feature","properties":{},"geometry":{"type":"LineString","coordinates":[[78.19115,26.22914],[78.19188,26.2301],[78.19238,26.2307],[78.19281,26.23128],[78.19299,26.23162],[78.19318,26.23233],[78.19358,26.23423]]}},{"type":"Feature","properties":{},"geometry":{"type":"LineString","coordinates":[[78.22269,26.22357],[78.22264,26.22324],[78.2225,26.22231],[78.22222,26.22036]]}},{"type":"Feature","properties":{},"geometry":{"type":"LineString","coordinates":[[78.22361,26.23017],[78.22323,26.2273],[78.22288,26.22477],[78.22275,26.22364],[78.22269,26.22357]]}},{"type":"Feature","properties":{},"geometry":{"type":"LineString","coordinates":[[78.22452,26.22107],[78.22447,26.22118],[78.22468,26.22276]]}},{"type":"Feature","properties":{},"geometry":{"type":"LineString","coordinates":[[78.22765,26.23002],[78.22757,26.22948],[78.22745,26.22803],[78.22749,26.22783],[78.22769,26.22758],[78.22782,26.22731],[78.22748,26.22489],[78.22742,26.22447],[78.22717,26.22252],[78.22701,26.22243],[78.22616,26.22259],[78.22481,26.22281]]}},{"type":"Feature","properties":{},"geometry":{"type":"LineString","coordinates":[[78.22478,26.22274],[78.22468,26.22276],[78.22468,26.22282],[78.22471,26.22285],[78.22479,26.22283],[78.22481,26.22281],[78.22478,26.22274]]}},{"type":"Feature","properties":{},"geometry":{"type":"LineString","coordinates":[[78.22452,26.22107],[78.22439,26.22032],[78.22424,26.21994],[78.22376,26.21935],[78.22329,26.219],[78.22281,26.21884],[78.22218,26.21879],[78.22212,26.21874]]}},{"type":"Feature","properties":{},"geometry":{"type":"LineString","coordinates":[[78.22478,26.22274],[78.22457,26.22117],[78.22452,26.22107]]}},{"type":"Feature","properties":{},"geometry":{"type":"LineString","coordinates":[[78.22572,26.23012],[78.22499,26.22471],[78.22486,26.22329],[78.22479,26.22283]]}},{"type":"Feature","properties":{},"geometry":{"type":"LineString","coordinates":[[78.18259,26.19967],[78.18346,26.19973]]}},{"type":"Feature","properties":{},"geometry":{"type":"LineString","coordinates":[[78.22264,26.22324],[78.22468,26.22282]]}},{"type":"Feature","properties":{},"geometry":{"type":"LineString","coordinates":[[78.18937,26.29627],[78.1894,26.29621]]}},{"type":"Feature","properties":{},"geometry":{"type":"LineString","coordinates":[[78.1894,26.29621],[78.19083,26.29365]]}},{"type":"Feature","properties":{"highway":"primary"},"geometry":{"type":"LineString","coordinates":[[78.23195,26.22945],[78.23173,26.22944]]}},{"type":"Feature","properties":{"highway":"primary"},"geometry":{"type":"LineString","coordinates":[[78.23173,26.22944],[78.23114,26.22948],[78.22961,26.2297],[78.22765,26.23002],[78.22573,26.23021]]}},{"type":"Feature","properties":{},"geometry":{"type":"LineString","coordinates":[[78.2308,26.22459],[78.23165,26.22452],[78.23392,26.22432],[78.23639,26.22406]]}},{"type":"Feature","properties":{},"geometry":{"type":"LineString","coordinates":[[78.23073,26.2246],[78.2308,26.22459]]}},{"type":"Feature","properties":{},"geometry":{"type":"LineString","coordinates":[[78.22894,26.2217],[78.22891,26.22175]]}},{"type":"Feature","properties":{},"geometry":{"type":"LineString","coordinates":[[78.22891,26.22175],[78.22812,26.22297],[78.22742,26.22447]]}},{"type":"Feature","properties":{},"geometry":{"type":"LineString","coordinates":[[78.23794,26.19439],[78.23862,26.19364],[78.23885,26.19332],[78.23918,26.19273],[78.23945,26.19239],[78.23969,26.19217],[78.23984,26.19192],[78.23996,26.19137],[78.24012,26.19094],[78.2402,26.18927],[78.24033,26.18848],[78.24054,26.18788],[78.24073,26.18753],[78.24115,26.18711],[78.24138,26.18698],[78.242,26.1868],[78.24223,26.18679],[78.24275,26.18685],[78.24351,26.18703],[78.24384,26.18702],[78.24394,26.18693],[78.24436,26.18618],[78.24471,26.18571],[78.24483,26.18539],[78.24487,26.18506],[78.24483,26.1848],[78.2446,26.18433],[78.24422,26.18377],[78.24371,26.18273],[78.24366,26.18246],[78.24371,26.18207],[78.24382,26.1818],[78.24391,26.18123],[78.24455,26.18043],[78.24477,26.18023],[78.24574,26.17958],[78.24616,26.17915],[78.24662,26.17891],[78.24702,26.17881]]}},{"type":"Feature","properties":{},"geometry":{"type":"LineString","coordinates":[[78.23751,26.19493],[78.23777,26.19463]]}},{"type":"Feature","properties":{},"geometry":{"type":"LineString","coordinates":[[78.23794,26.19439],[78.23771,26.19458]]}},{"type":"Feature","properties":{},"geometry":{"type":"LineString","coordinates":[[78.1635,26.24245],[78.16219,26.24223],[78.16104,26.24214],[78.15972,26.24199],[78.1583,26.24196],[78.15762,26.24187],[78.15647,26.24158],[78.15639,26.24155]]}},{"type":"Feature","properties":{},"geometry":{"type":"LineString","coordinates":[[78.1635,26.24245],[78.16369,26.24235]]}},{"type":"Feature","properties":{},"geometry":{"type":"LineString","coordinates":[[78.18552,26.21715],[78.18547,26.21675]]}},{"type":"Feature","properties":{},"geometry":{"type":"LineString","coordinates":[[78.21772,26.18902],[78.21713,26.1892],[78.21634,26.18931],[78.21626,26.18932]]}},{"type":"Feature","properties":{},"geometry":{"type":"LineString","coordinates":[[78.21772,26.18902],[78.21816,26.18894]]}},{"type":"Feature","properties":{},"geometry":{"type":"LineString","coordinates":[[78.22179,26.18771],[78.22173,26.18771],[78.221,26.18812],[78.22067,26.18822],[78.21996,26.18832],[78.21921,26.1886],[78.2187,26.18874],[78.21822,26.18885]]}},{"type":"Feature","properties":{},"geometry":{"type":"LineString","coordinates":[[78.21816,26.18894],[78.21822,26.18893]]}},{"type":"Feature","properties":{},"geometry":{"type":"LineString","coordinates":[[78.21822,26.18893],[78.21905,26.18871],[78.21995,26.18839],[78.22083,26.18824],[78.22116,26.18811],[78.22178,26.18776],[78.22179,26.18771]]}},{"type":"Feature","properties":{},"geometry":{"type":"LineString","coordinates":[[78.18116,26.20757],[78.18092,26.20791],[78.18069,26.20856],[78.18062,26.20941],[78.18061,26.21121],[78.18057,26.21286],[78.18063,26.21298],[78.18076,26.21311],[78.18087,26.21321],[78.18131,26.21376],[78.18194,26.2143],[78.18197,26.21439]]}},{"type":"Feature","properties":{},"geometry":{"type":"LineString","coordinates":[[78.18116,26.20757],[78.18126,26.20751],[78.18161,26.207],[78.18203,26.2062],[78.18221,26.20565],[78.18232,26.20506],[78.18238,26.20436],[78.18238,26.20427],[78.18235,26.20414]]}},{"type":"Feature","properties":{},"geometry":{"type":"LineString","coordinates":[[78.18235,26.20414],[78.18229,26.20427],[78.18229,26.20436],[78.18222,26.20519],[78.18205,26.20586],[78.18177,26.20652],[78.18154,26.20694],[78.18125,26.20735],[78.18116,26.20757]]}},{"type":"Feature","properties":{},"geometry":{"type":"LineString","coordinates":[[78.23245,26.19131],[78.23232,26.19092],[78.23203,26.19026],[78.232,26.19001],[78.23212,26.18991],[78.2321,26.18968],[78.23248,26.1895],[78.23259,26.18931],[78.23235,26.18899],[78.23234,26.18868],[78.23301,26.18848]]}},{"type":"Feature","properties":{},"geometry":{"type":"LineString","coordinates":[[78.23079,26.19335],[78.23249,26.19168],[78.23245,26.19131]]}},{"type":"Feature","properties":{},"geometry":{"type":"LineString","coordinates":[[78.23079,26.19335],[78.2307,26.19339],[78.22938,26.19467],[78.22936,26.19475]]}},{"type":"Feature","properties":{},"geometry":{"type":"LineString","coordinates":[[78.22936,26.19475],[78.22946,26.19475],[78.23076,26.19344],[78.23079,26.19335]]}},{"type":"Feature","properties":{},"geometry":{"type":"LineString","coordinates":[[78.23771,26.19458],[78.23751,26.19493]]}},{"type":"Feature","properties":{},"geometry":{"type":"LineString","coordinates":[[78.23777,26.19463],[78.23794,26.19439]]}},{"type":"Feature","properties":{},"geometry":{"type":"LineString","coordinates":[[78.22189,26.21852],[78.22153,26.21845]]}},{"type":"Feature","properties":{},"geometry":{"type":"LineString","coordinates":[[78.22119,26.21842],[78.22182,26.21861]]}},{"type":"Feature","properties":{},"geometry":{"type":"LineString","coordinates":[[78.22201,26.21578],[78.22191,26.21598],[78.22191,26.21796],[78.22193,26.2185]]}},{"type":"Feature","properties":{},"geometry":{"type":"LineString","coordinates":[[78.15796,26.22155],[78.15807,26.22202],[78.15858,26.2238],[78.15873,26.22414],[78.15886,26.22462]]}},{"type":"Feature","properties":{},"geometry":{"type":"LineString","coordinates":[[78.17134,26.2376],[78.17134,26.23727],[78.17156,26.23656],[78.17157,26.23628],[78.17126,26.23571],[78.17125,26.23544]]}},{"type":"Feature","properties":{},"geometry":{"type":"LineString","coordinates":[[78.15538,26.19089],[78.15542,26.19128]]}},{"type":"Feature","properties":{},"geometry":{"type":"LineString","coordinates":[[78.15538,26.19089],[78.15531,26.19068],[78.15446,26.18852],[78.15403,26.18753],[78.15348,26.18642],[78.15308,26.18565],[78.15219,26.18372],[78.15158,26.18248],[78.15115,26.18153],[78.15051,26.18023],[78.15018,26.1795],[78.15015,26.17942],[78.14985,26.17871],[78.14953,26.17814],[78.14949,26.17773],[78.14959,26.17726],[78.14965,26.17643],[78.14964,26.17608]]}},{"type":"Feature","properties":{},"geometry":{"type":"LineString","coordinates":[[78.15543,26.19138],[78.15536,26.19178]]}},{"type":"Feature","properties":{},"geometry":{"type":"LineString","coordinates":[[78.15536,26.19178],[78.15561,26.19145]]}},{"type":"Feature","properties":{},"geometry":{"type":"LineString","coordinates":[[78.15413,26.19732],[78.15439,26.1975],[78.15443,26.19772],[78.15436,26.19804],[78.15443,26.19817],[78.15492,26.19858],[78.15599,26.1996],[78.15648,26.20032]]}},{"type":"Feature","properties":{},"geometry":{"type":"LineString","coordinates":[[78.15661,26.20038],[78.1572,26.20084],[78.15734,26.2011],[78.15738,26.20159],[78.15747,26.20178],[78.15781,26.2019],[78.15826,26.20187]]}},{"type":"Feature","properties":{},"geometry":{"type":"LineString","coordinates":[[78.15657,26.20027],[78.15648,26.20011],[78.15608,26.19957],[78.15533,26.19885],[78.15445,26.19807],[78.15451,26.19758],[78.15444,26.19744],[78.15417,26.19727]]}},{"type":"Feature","properties":{},"geometry":{"type":"LineString","coordinates":[[78.16337,26.1915],[78.16416,26.19352]]}},{"type":"Feature","properties":{},"geometry":{"type":"LineString","coordinates":[[78.16611,26.19847],[78.16655,26.19952],[78.16694,26.20048],[78.16711,26.20063],[78.16736,26.20062],[78.16808,26.20048],[78.17024,26.19998],[78.17102,26.19979],[78.17174,26.19955],[78.17202,26.1995],[78.17369,26.19931]]}},{"type":"Feature","properties":{},"geometry":{"type":"LineString","coordinates":[[78.17381,26.19925],[78.17574,26.19902],[78.1763,26.19899],[78.17671,26.19902]]}},{"type":"Feature","properties":{},"geometry":{"type":"LineString","coordinates":[[78.16415,26.19354],[78.16395,26.1936],[78.16016,26.19487],[78.15989,26.19499]]}},{"type":"Feature","properties":{},"geometry":{"type":"LineString","coordinates":[[78.15989,26.19499],[78.16016,26.19494],[78.16249,26.19415],[78.16417,26.1936]]}},{"type":"Feature","properties":{},"geometry":{"type":"LineString","coordinates":[[78.16427,26.19348],[78.16416,26.19352],[78.16415,26.19354],[78.16417,26.1936],[78.1642,26.19363],[78.16433,26.19359],[78.16433,26.19353],[78.16427,26.19348]]}},{"type":"Feature","properties":{},"geometry":{"type":"LineString","coordinates":[[78.16427,26.19348],[78.16372,26.19208],[78.16346,26.19147]]}},{"type":"Feature","properties":{},"geometry":{"type":"LineString","coordinates":[[78.1642,26.19363],[78.16462,26.19474],[78.16594,26.19803]]}},{"type":"Feature","properties":{},"geometry":{"type":"LineString","coordinates":[[78.15657,26.20027],[78.15648,26.20032],[78.15661,26.20038],[78.15657,26.20027]]}},{"type":"Feature","properties":{},"geometry":{"type":"LineString","coordinates":[[78.15403,26.19722],[78.15403,26.19729],[78.15408,26.19733],[78.15413,26.19732],[78.15417,26.19727],[78.15415,26.19721],[78.15403,26.19722]]}},{"type":"Feature","properties":{},"geometry":{"type":"LineString","coordinates":[[78.18882,26.23607],[78.18806,26.23639],[78.18578,26.23728],[78.18379,26.23807],[78.18308,26.23832],[78.18236,26.23862],[78.18191,26.23883],[78.18167,26.23886],[78.18103,26.2388],[78.18035,26.2387],[78.17926,26.23847],[78.17882,26.23844],[78.17867,26.2385]]}},{"type":"Feature","properties":{},"geometry":{"type":"LineString","coordinates":[[78.17522,26.20984],[78.17503,26.21014]]}},{"type":"Feature","properties":{},"geometry":{"type":"LineString","coordinates":[[78.18553,26.21662],[78.18542,26.21669],[78.18522,26.21688]]}},{"type":"Feature","properties":{},"geometry":{"type":"LineString","coordinates":[[78.18533,26.21698],[78.18547,26.21675],[78.18553,26.21662]]}},{"type":"Feature","properties":{},"geometry":{"type":"LineString","coordinates":[[78.17415,26.23981],[78.17471,26.23982],[78.17618,26.23987],[78.17648,26.23982],[78.17756,26.2392],[78.17861,26.23864]]}},{"type":"Feature","properties":{},"geometry":{"type":"LineString","coordinates":[[78.17867,26.2385],[78.17695,26.23946],[78.17659,26.23969],[78.17618,26.23981],[78.17468,26.23974],[78.1743,26.23975],[78.17415,26.23981]]}},{"type":"Feature","properties":{"highway":"primary"},"geometry":{"type":"LineString","coordinates":[[78.14895,26.15412],[78.14593,26.15166],[78.14213,26.14854],[78.1416,26.14815],[78.14102,26.14775],[78.14022,26.14734],[78.13828,26.14636],[78.12896,26.14193],[78.12781,26.14139],[78.12719,26.14116],[78.12666,26.14102],[78.12545,26.14084],[78.1224,26.14051]]}},{"type":"Feature","properties":{"highway":"primary"},"geometry":{"type":"LineString","coordinates":[[78.12238,26.14058],[78.12544,26.14093],[78.12664,26.14111],[78.12715,26.14125],[78.12776,26.14148],[78.12926,26.14218],[78.13823,26.14645],[78.14024,26.14748],[78.14096,26.14783],[78.14153,26.14822],[78.14206,26.14861],[78.14886,26.15419]]}},{"type":"Feature","properties":{"highway":"primary"},"geometry":{"type":"LineString","coordinates":[[78.18572,26.15363],[78.18532,26.15544],[78.18511,26.1565],[78.18491,26.15726]]}},{"type":"Feature","properties":{"highway":"primary"},"geometry":{"type":"LineString","coordinates":[[78.18503,26.15728],[78.18511,26.157],[78.18542,26.15546],[78.18582,26.15365]]}},{"type":"Feature","properties":{"highway":"primary"},"geometry":{"type":"LineString","coordinates":[[78.21265,26.12374],[78.2124,26.12381]]}},{"type":"Feature","properties":{"highway":"primary"},"geometry":{"type":"LineString","coordinates":[[78.21343,26.12352],[78.21265,26.12374]]}},{"type":"Feature","properties":{"highway":"primary"},"geometry":{"type":"LineString","coordinates":[[78.21267,26.12386],[78.21367,26.12358]]}},{"type":"Feature","properties":{"highway":"primary"},"geometry":{"type":"LineString","coordinates":[[78.21243,26.12392],[78.21267,26.12386]]}},{"type":"Feature","properties":{},"geometry":{"type":"LineString","coordinates":[[78.17376,26.19918],[78.17366,26.1992],[78.17364,26.19924],[78.17369,26.19931],[78.17381,26.19925],[78.17376,26.19918]]}},{"type":"Feature","properties":{},"geometry":{"type":"LineString","coordinates":[[78.16386,26.24224],[78.16436,26.24176],[78.16476,26.24156]]}},{"type":"Feature","properties":{},"geometry":{"type":"LineString","coordinates":[[78.17324,26.24003],[78.17282,26.2401],[78.17247,26.24018],[78.1718,26.24041],[78.17145,26.24048],[78.17086,26.24052],[78.17043,26.24063],[78.16992,26.24102],[78.16966,26.24133],[78.16926,26.24162],[78.16865,26.24185],[78.16724,26.24232],[78.16682,26.24234],[78.16563,26.24204],[78.16543,26.24193],[78.16489,26.24155],[78.16478,26.24152],[78.16463,26.24155],[78.16428,26.24178],[78.16386,26.24224]]}},{"type":"Feature","properties":{},"geometry":{"type":"LineString","coordinates":[[78.17324,26.24003],[78.17352,26.23997]]}},{"type":"Feature","properties":{},"geometry":{"type":"LineString","coordinates":[[78.16379,26.24229],[78.16386,26.24224]]}},{"type":"Feature","properties":{"highway":"primary"},"geometry":{"type":"LineString","coordinates":[[78.15132,26.22692],[78.15126,26.22671]]}},{"type":"Feature","properties":{"highway":"primary"},"geometry":{"type":"LineString","coordinates":[[78.16151,26.25798],[78.16159,26.2576],[78.16248,26.2552],[78.16308,26.25361],[78.16313,26.25309],[78.16287,26.25045],[78.1628,26.24965],[78.16269,26.24934],[78.16246,26.24915],[78.16176,26.24867],[78.16041,26.24768],[78.15986,26.24724],[78.15918,26.24652],[78.15903,26.24631],[78.15723,26.24301],[78.15696,26.24253],[78.1565,26.24165],[78.15647,26.24158],[78.15604,26.24032],[78.15591,26.23988],[78.15562,26.23905],[78.15546,26.23854],[78.15537,26.2382],[78.15494,26.237],[78.15461,26.23613],[78.15421,26.23494],[78.15417,26.23485],[78.15394,26.23414],[78.15347,26.23291],[78.15332,26.23244],[78.15276,26.23096],[78.1524,26.22972],[78.15207,26.22883],[78.15198,26.22852],[78.15141,26.22699],[78.15132,26.22692]]}},{"type":"Feature","properties":{},"geometry":{"type":"LineString","coordinates":[[78.23426,26.24937],[78.23515,26.24944],[78.2356,26.24962],[78.23663,26.25011],[78.23725,26.25015],[78.23779,26.25003],[78.23822,26.24993],[78.2398,26.24946],[78.24116,26.24912],[78.24194,26.24916],[78.24197,26.24919]]}},{"type":"Feature","properties":{},"geometry":{"type":"LineString","coordinates":[[78.1631,26.22893],[78.16266,26.22791]]}},{"type":"Feature","properties":{},"geometry":{"type":"LineString","coordinates":[[78.1819,26.22742],[78.18284,26.22711],[78.18451,26.2266],[78.18583,26.22615],[78.18644,26.22599],[78.18806,26.22544],[78.18872,26.22516],[78.18892,26.22516],[78.18946,26.22601],[78.18989,26.22652],[78.19153,26.22842],[78.19165,26.22868],[78.19155,26.22889],[78.19115,26.22914]]}},{"type":"Feature","properties":{},"geometry":{"type":"LineString","coordinates":[[78.18229,26.20436],[78.18238,26.20436],[78.18623,26.20411],[78.18633,26.20401]]}},{"type":"Feature","properties":{"highway":"primary"},"geometry":{"type":"LineString","coordinates":[[78.19243,26.2138],[78.19211,26.21377],[78.19109,26.21369],[78.18869,26.21344],[78.18727,26.21339],[78.18717,26.21338]]}},{"type":"Feature","properties":{},"geometry":{"type":"LineString","coordinates":[[78.18717,26.21338],[78.18395,26.21315],[78.18275,26.21309]]}},{"type":"Feature","properties":{},"geometry":{"type":"LineString","coordinates":[[78.24594,26.22695],[78.24589,26.22585],[78.24583,26.22493],[78.24554,26.21987],[78.24538,26.21737],[78.24522,26.21421],[78.2451,26.2119],[78.24497,26.21031]]}},{"type":"Feature","properties":{"highway":"primary"},"geometry":{"type":"LineString","coordinates":[[78.21413,26.12332],[78.21343,26.12352]]}},{"type":"Feature","properties":{"highway":"primary"},"geometry":{"type":"LineString","coordinates":[[78.21367,26.12358],[78.21428,26.12339],[78.21441,26.12324]]}},{"type":"Feature","properties":{},"geometry":{"type":"LineString","coordinates":[[78.17525,26.11976],[78.17527,26.11993],[78.17543,26.12059]]}},{"type":"Feature","properties":{},"geometry":{"type":"LineString","coordinates":[[78.16583,26.11848],[78.16551,26.119]]}},{"type":"Feature","properties":{"highway":"primary"},"geometry":{"type":"LineString","coordinates":[[78.2143,26.12319],[78.21413,26.12332]]}},{"type":"Feature","properties":{},"geometry":{"type":"LineString","coordinates":[[78.25899,26.20021],[78.25826,26.20111],[78.25736,26.20242],[78.25724,26.20258],[78.25671,26.20289],[78.25563,26.20342],[78.25375,26.20457],[78.2516,26.20593],[78.25053,26.20659],[78.25023,26.20679]]}},{"type":"Feature","properties":{},"geometry":{"type":"LineString","coordinates":[[78.18718,26.30476],[78.18563,26.30507],[78.18493,26.30516],[78.18462,26.30513],[78.18453,26.30503],[78.18507,26.30409],[78.18584,26.30258],[78.18691,26.3007],[78.18744,26.29972],[78.18799,26.29876]]}},{"type":"Feature","properties":{},"geometry":{"type":"LineString","coordinates":[[78.19087,26.29359],[78.19089,26.29356]]}},{"type":"Feature","properties":{},"geometry":{"type":"LineString","coordinates":[[78.2098,26.24661],[78.20991,26.24659]]}},{"type":"Feature","properties":{"highway":"primary"},"geometry":{"type":"LineString","coordinates":[[78.18717,26.21347],[78.18726,26.21347],[78.18935,26.21363],[78.19061,26.21378],[78.19182,26.21388],[78.19224,26.21391]]}},{"type":"Feature","properties":{},"geometry":{"type":"LineString","coordinates":[[78.203,26.21453],[78.19917,26.21424],[78.19794,26.21416],[78.19782,26.21415],[78.19285,26.21379],[78.19243,26.2138]]}},{"type":"Feature","properties":{},"geometry":{"type":"LineString","coordinates":[[78.18219,26.21308],[78.18192,26.2131]]}},{"type":"Feature","properties":{},"geometry":{"type":"LineString","coordinates":[[78.18192,26.21318],[78.182,26.21318]]}},{"type":"Feature","properties":{},"geometry":{"type":"LineString","coordinates":[[78.19323,26.20493],[78.19222,26.20471],[78.19189,26.20466],[78.19058,26.20453],[78.18931,26.20438],[78.18921,26.20437]]}},{"type":"Feature","properties":{"highway":"primary"},"geometry":{"type":"LineString","coordinates":[[78.18727,26.21339],[78.18726,26.21347]]}},{"type":"Feature","properties":{"highway":"primary"},"geometry":{"type":"LineString","coordinates":[[78.18717,26.21338],[78.18717,26.21347]]}},{"type":"Feature","properties":{},"geometry":{"type":"LineString","coordinates":[[78.2105,26.21514],[78.21139,26.21526],[78.21197,26.21551],[78.21363,26.21643],[78.21404,26.21663],[78.21485,26.21693],[78.21521,26.21701],[78.21566,26.21701],[78.21604,26.2169]]}},{"type":"Feature","properties":{"highway":"primary"},"geometry":{"type":"LineString","coordinates":[[78.19257,26.21392],[78.19243,26.2138]]}},{"type":"Feature","properties":{},"geometry":{"type":"LineString","coordinates":[[78.19257,26.21392],[78.19269,26.21389]]}},{"type":"Feature","properties":{},"geometry":{"type":"LineString","coordinates":[[78.18194,26.2143],[78.18213,26.21433]]}},{"type":"Feature","properties":{"highway":"primary"},"geometry":{"type":"LineString","coordinates":[[78.18225,26.21471],[78.18277,26.21506],[78.18416,26.21615]]}},{"type":"Feature","properties":{},"geometry":{"type":"LineString","coordinates":[[78.20743,26.21495],[78.20802,26.21499],[78.21037,26.21518],[78.2105,26.21514]]}},{"type":"Feature","properties":{},"geometry":{"type":"LineString","coordinates":[[78.2105,26.21514],[78.2103,26.21508],[78.20801,26.21489],[78.20744,26.21485]]}},{"type":"Feature","properties":{},"geometry":{"type":"LineString","coordinates":[[78.17755,26.21099],[78.1777,26.2111]]}},{"type":"Feature","properties":{},"geometry":{"type":"LineString","coordinates":[[78.17745,26.21092],[78.17755,26.21099]]}},{"type":"Feature","properties":{},"geometry":{"type":"LineString","coordinates":[[78.20308,26.21462],[78.2037,26.21464],[78.20731,26.21493]]}},{"type":"Feature","properties":{},"geometry":{"type":"LineString","coordinates":[[78.20733,26.21484],[78.20311,26.21454]]}},{"type":"Feature","properties":{},"geometry":{"type":"LineString","coordinates":[[78.20308,26.21462],[78.20311,26.21454],[78.203,26.21453],[78.203,26.2146],[78.20308,26.21462]]}},{"type":"Feature","properties":{},"geometry":{"type":"LineString","coordinates":[[78.15846,26.20222],[78.15871,26.20245],[78.15896,26.20248]]}},{"type":"Feature","properties":{},"geometry":{"type":"LineString","coordinates":[[78.15896,26.20248],[78.1587,26.20218],[78.15892,26.20202]]}},{"type":"Feature","properties":{},"geometry":{"type":"LineString","coordinates":[[78.17596,26.20987],[78.17612,26.2099]]}},{"type":"Feature","properties":{},"geometry":{"type":"LineString","coordinates":[[78.15511,26.2031],[78.15564,26.2032],[78.15668,26.20325],[78.15695,26.2033]]}},{"type":"Feature","properties":{"highway":"primary"},"geometry":{"type":"LineString","coordinates":[[78.16107,26.20091],[78.16087,26.20098],[78.15885,26.20197],[78.15854,26.20213],[78.15817,26.20226],[78.15744,26.20245],[78.15662,26.20264],[78.15584,26.20287],[78.1553,26.203],[78.15511,26.2031]]}},{"type":"Feature","properties":{},"geometry":{"type":"LineString","coordinates":[[78.15912,26.20259],[78.15915,26.20269],[78.16141,26.20413],[78.1621,26.2046],[78.16222,26.20491]]}},{"type":"Feature","properties":{},"geometry":{"type":"LineString","coordinates":[[78.16232,26.20487],[78.16216,26.20453],[78.16177,26.20425],[78.16043,26.20339],[78.15919,26.2026],[78.15912,26.20259]]}},{"type":"Feature","properties":{"highway":"primary"},"geometry":{"type":"LineString","coordinates":[[78.15974,26.20161],[78.16088,26.20106],[78.1611,26.201]]}},{"type":"Feature","properties":{"highway":"primary"},"geometry":{"type":"LineString","coordinates":[[78.15813,26.20234],[78.15846,26.20222],[78.15857,26.20218],[78.15892,26.20202]]}},{"type":"Feature","properties":{"highway":"primary"},"geometry":{"type":"LineString","coordinates":[[78.15892,26.20202],[78.159,26.20198]]}},{"type":"Feature","properties":{"highway":"primary"},"geometry":{"type":"LineString","coordinates":[[78.159,26.20198],[78.15934,26.20181]]}},{"type":"Feature","properties":{"highway":"primary"},"geometry":{"type":"LineString","coordinates":[[78.15934,26.20181],[78.15974,26.20161]]}},{"type":"Feature","properties":{},"geometry":{"type":"LineString","coordinates":[[78.16232,26.20487],[78.16247,26.20512],[78.16293,26.20529],[78.16339,26.20557],[78.16349,26.20577],[78.16343,26.20598],[78.16352,26.20614],[78.16392,26.20663]]}},{"type":"Feature","properties":{},"geometry":{"type":"LineString","coordinates":[[78.17166,26.2182],[78.17172,26.21795],[78.17155,26.2172],[78.17105,26.2162],[78.17084,26.21543]]}},{"type":"Feature","properties":{},"geometry":{"type":"LineString","coordinates":[[78.17077,26.21544],[78.17099,26.21624],[78.17147,26.21716],[78.17156,26.21742],[78.17167,26.21795],[78.17166,26.2182]]}},{"type":"Feature","properties":{"highway":"primary"},"geometry":{"type":"LineString","coordinates":[[78.19029,26.22092],[78.1891,26.22],[78.18599,26.2175],[78.18552,26.21715],[78.18533,26.21698]]}},{"type":"Feature","properties":{},"geometry":{"type":"LineString","coordinates":[[78.15905,26.26712],[78.15865,26.27]]}},{"type":"Feature","properties":{},"geometry":{"type":"LineString","coordinates":[[78.16126,26.25811],[78.16121,26.25841],[78.16106,26.25881],[78.16077,26.25981],[78.16043,26.26065],[78.15991,26.26229],[78.15973,26.26308],[78.15961,26.26387],[78.15915,26.26632],[78.15905,26.26712]]}},{"type":"Feature","properties":{"highway":"primary"},"geometry":{"type":"LineString","coordinates":[[78.19053,26.22111],[78.19029,26.22092]]}},{"type":"Feature","properties":{},"geometry":{"type":"LineString","coordinates":[[78.16561,26.1984],[78.16588,26.19838]]}},{"type":"Feature","properties":{},"geometry":{"type":"LineString","coordinates":[[78.16583,26.19826],[78.16561,26.1984]]}},{"type":"Feature","properties":{"highway":"primary"},"geometry":{"type":"LineString","coordinates":[[78.19224,26.21391],[78.19257,26.21392]]}},{"type":"Feature","properties":{"highway":"primary"},"geometry":{"type":"LineString","coordinates":[[78.19211,26.21377],[78.19224,26.21391]]}},{"type":"Feature","properties":{},"geometry":{"type":"LineString","coordinates":[[78.242,26.24924],[78.24246,26.24934]]}},{"type":"Feature","properties":{},"geometry":{"type":"LineString","coordinates":[[78.24246,26.24934],[78.24252,26.24935]]}},{"type":"Feature","properties":{},"geometry":{"type":"LineString","coordinates":[[78.23947,26.24562],[78.23975,26.24575],[78.23992,26.24597],[78.24011,26.24695]]}},{"type":"Feature","properties":{},"geometry":{"type":"LineString","coordinates":[[78.24011,26.24695],[78.24012,26.24701]]}},{"type":"Feature","properties":{},"geometry":{"type":"LineString","coordinates":[[78.14792,26.19736],[78.14792,26.19802],[78.1481,26.1987],[78.14831,26.19897],[78.14852,26.19912]]}},{"type":"Feature","properties":{},"geometry":{"type":"LineString","coordinates":[[78.23156,26.26197],[78.23192,26.26201],[78.23251,26.26224],[78.23393,26.26309]]}},{"type":"Feature","properties":{},"geometry":{"type":"LineString","coordinates":[[78.19791,26.21423],[78.19794,26.21416],[78.19806,26.21393],[78.1994,26.21201],[78.20015,26.21099],[78.20076,26.20989],[78.20108,26.20924],[78.20106,26.20889],[78.20088,26.20822],[78.2005,26.2072],[78.19964,26.20545],[78.19959,26.20534],[78.19859,26.20324],[78.19829,26.2027],[78.19687,26.19967],[78.19683,26.19945],[78.19662,26.19917],[78.19634,26.19893]]}},{"type":"Feature","properties":{},"geometry":{"type":"LineString","coordinates":[[78.29039,26.29208],[78.28949,26.29238],[78.28893,26.29249],[78.28839,26.2925],[78.28819,26.29246],[78.28772,26.29217],[78.28728,26.29197],[78.28682,26.29196]]}},{"type":"Feature","properties":{},"geometry":{"type":"LineString","coordinates":[[78.18903,26.22006],[78.1891,26.22]]}},{"type":"Feature","properties":{"highway":"primary"},"geometry":{"type":"LineString","coordinates":[[78.18416,26.21615],[78.18513,26.21696],[78.18525,26.21706]]}},{"type":"Feature","properties":{},"geometry":{"type":"LineString","coordinates":[[78.19952,26.20552],[78.19975,26.20597],[78.2006,26.2078],[78.20098,26.2089],[78.20099,26.20922],[78.20068,26.20986],[78.20007,26.21096],[78.19932,26.21196],[78.19798,26.21389],[78.19782,26.21415],[78.19779,26.21422]]}},{"type":"Feature","properties":{},"geometry":{"type":"LineString","coordinates":[[78.18522,26.21688],[78.18513,26.21696]]}},{"type":"Feature","properties":{"highway":"primary"},"geometry":{"type":"LineString","coordinates":[[78.18522,26.21688],[78.18508,26.21676],[78.18244,26.2147],[78.18231,26.21464]]}},{"type":"Feature","properties":{},"geometry":{"type":"LineString","coordinates":[[78.18525,26.21706],[78.18533,26.21698]]}},{"type":"Feature","properties":{"highway":"primary"},"geometry":{"type":"LineString","coordinates":[[78.18533,26.21698],[78.18522,26.21688]]}},{"type":"Feature","properties":{},"geometry":{"type":"LineString","coordinates":[[78.14852,26.19912],[78.1485,26.19979],[78.14864,26.19995],[78.14893,26.19985],[78.14898,26.19925],[78.14894,26.19908]]}},{"type":"Feature","properties":{},"geometry":{"type":"LineString","coordinates":[[78.14894,26.19908],[78.14884,26.19901],[78.14862,26.19902],[78.14852,26.19912]]}},{"type":"Feature","properties":{},"geometry":{"type":"LineString","coordinates":[[78.14864,26.19995],[78.14855,26.20017],[78.14838,26.20043],[78.14811,26.20063]]}},{"type":"Feature","properties":{},"geometry":{"type":"LineString","coordinates":[[78.14909,26.19882],[78.14884,26.19901]]}},{"type":"Feature","properties":{},"geometry":{"type":"LineString","coordinates":[[78.182,26.21318],[78.18247,26.21322]]}},{"type":"Feature","properties":{"highway":"primary"},"geometry":{"type":"LineString","coordinates":[[78.1615,26.20116],[78.16235,26.2025]]}},{"type":"Feature","properties":{},"geometry":{"type":"LineString","coordinates":[[78.15093,26.19434],[78.151,26.19441]]}},{"type":"Feature","properties":{"highway":"primary"},"geometry":{"type":"LineString","coordinates":[[78.16419,26.2055],[78.16434,26.20542]]}},{"type":"Feature","properties":{"highway":"primary"},"geometry":{"type":"LineString","coordinates":[[78.16409,26.20539],[78.16414,26.20532],[78.16425,26.20531]]}},{"type":"Feature","properties":{"highway":"primary"},"geometry":{"type":"LineString","coordinates":[[78.1638,26.20544],[78.16349,26.20577]]}},{"type":"Feature","properties":{"highway":"primary"},"geometry":{"type":"LineString","coordinates":[[78.16414,26.20532],[78.16408,26.20533],[78.16384,26.2054]]}},{"type":"Feature","properties":{"highway":"primary"},"geometry":{"type":"LineString","coordinates":[[78.16384,26.2054],[78.1638,26.20544]]}},{"type":"Feature","properties":{},"geometry":{"type":"LineString","coordinates":[[78.17085,26.20708],[78.17073,26.20682],[78.17057,26.20672],[78.17024,26.20669],[78.16943,26.20684],[78.16901,26.207],[78.16836,26.20709],[78.16769,26.2071],[78.16707,26.20724],[78.16617,26.20719],[78.16607,26.20712]]}},{"type":"Feature","properties":{},"geometry":{"type":"LineString","coordinates":[[78.16617,26.20719],[78.1661,26.2072],[78.16601,26.20726]]}},{"type":"Feature","properties":{},"geometry":{"type":"LineString","coordinates":[[78.16614,26.20744],[78.16637,26.20728],[78.16702,26.2073],[78.16775,26.20716],[78.16827,26.20714],[78.16902,26.20705],[78.16938,26.20692],[78.17024,26.20675],[78.17061,26.20681],[78.17085,26.20708]]}},{"type":"Feature","properties":{},"geometry":{"type":"LineString","coordinates":[[78.19012,26.22089],[78.1899,26.22096],[78.18926,26.22071],[78.18866,26.22069]]}},{"type":"Feature","properties":{},"geometry":{"type":"LineString","coordinates":[[78.18866,26.22069],[78.18848,26.22072],[78.18802,26.22092],[78.18759,26.22118]]}},{"type":"Feature","properties":{},"geometry":{"type":"LineString","coordinates":[[78.18344,26.22376],[78.18646,26.22188],[78.18759,26.22118]]}},{"type":"Feature","properties":{},"geometry":{"type":"LineString","coordinates":[[78.12054,26.29806],[78.12077,26.2981]]}},{"type":"Feature","properties":{},"geometry":{"type":"LineString","coordinates":[[78.12048,26.29804],[78.12054,26.29806]]}},{"type":"Feature","properties":{"highway":"primary"},"geometry":{"type":"LineString","coordinates":[[78.16262,26.20293],[78.16302,26.20355]]}},{"type":"Feature","properties":{"highway":"primary"},"geometry":{"type":"LineString","coordinates":[[78.1631,26.2035],[78.16244,26.20245],[78.16163,26.2011]]}},{"type":"Feature","properties":{},"geometry":{"type":"LineString","coordinates":[[78.21452,26.18935],[78.21446,26.18948]]}},{"type":"Feature","properties":{},"geometry":{"type":"LineString","coordinates":[[78.21446,26.18948],[78.21438,26.18961]]}},{"type":"Feature","properties":{"highway":"primary"},"geometry":{"type":"LineString","coordinates":[[78.16235,26.2025],[78.16262,26.20293]]}},{"type":"Feature","properties":{"highway":"primary"},"geometry":{"type":"LineString","coordinates":[[78.18638,26.20401],[78.18651,26.20404],[78.18692,26.20393],[78.18767,26.20368],[78.18858,26.20345]]}},{"type":"Feature","properties":{"highway":"primary"},"geometry":{"type":"LineString","coordinates":[[78.18615,26.20403],[78.18633,26.20401]]}},{"type":"Feature","properties":{},"geometry":{"type":"LineString","coordinates":[[78.20872,26.25281],[78.20917,26.25025],[78.2095,26.24853],[78.20948,26.24839]]}},{"type":"Feature","properties":{},"geometry":{"type":"LineString","coordinates":[[78.20948,26.24839],[78.20968,26.24696],[78.2098,26.24661]]}},{"type":"Feature","properties":{},"geometry":{"type":"LineString","coordinates":[[78.20948,26.24839],[78.20941,26.24851],[78.20909,26.25022],[78.20886,26.25157],[78.20864,26.2528]]}},{"type":"Feature","properties":{},"geometry":{"type":"LineString","coordinates":[[78.20813,26.25591],[78.20872,26.25281]]}},{"type":"Feature","properties":{},"geometry":{"type":"LineString","coordinates":[[78.20864,26.2528],[78.20804,26.2559]]}},{"type":"Feature","properties":{},"geometry":{"type":"LineString","coordinates":[[78.20692,26.26263],[78.20737,26.26014],[78.20739,26.26003],[78.20783,26.25763],[78.20813,26.25591]]}},{"type":"Feature","properties":{},"geometry":{"type":"LineString","coordinates":[[78.20665,26.26407],[78.20692,26.26263]]}},{"type":"Feature","properties":{},"geometry":{"type":"LineString","coordinates":[[78.20683,26.26263],[78.20692,26.26263]]}},{"type":"Feature","properties":{},"geometry":{"type":"LineString","coordinates":[[78.20683,26.26263],[78.20655,26.2642],[78.20627,26.26539],[78.20594,26.26629],[78.20574,26.26675],[78.20545,26.26734],[78.2047,26.26868],[78.20437,26.2693],[78.20313,26.27151],[78.20296,26.27185],[78.20295,26.27196]]}},{"type":"Feature","properties":{},"geometry":{"type":"LineString","coordinates":[[78.20295,26.27196],[78.20305,26.27188],[78.20323,26.27156],[78.2055,26.26748],[78.20585,26.26678],[78.20604,26.26633],[78.20636,26.26541],[78.20652,26.26478],[78.20665,26.26407]]}},{"type":"Feature","properties":{},"geometry":{"type":"LineString","coordinates":[[78.20296,26.27185],[78.20305,26.27188],[78.20333,26.27175]]}},{"type":"Feature","properties":{"highway":"primary"},"geometry":{"type":"LineString","coordinates":[[78.18606,26.24505],[78.18602,26.245],[78.18596,26.24499],[78.18589,26.24502],[78.18588,26.24509],[78.18591,26.24514],[78.18599,26.24516],[78.18605,26.24513],[78.18606,26.24505]]}},{"type":"Feature","properties":{"highway":"primary"},"geometry":{"type":"LineString","coordinates":[[78.18667,26.24469],[78.18937,26.24321],[78.1905,26.24256],[78.19126,26.24216],[78.19194,26.24175]]}},{"type":"Feature","properties":{"highway":"primary"},"geometry":{"type":"LineString","coordinates":[[78.18606,26.24505],[78.18655,26.24478]]}},{"type":"Feature","properties":{"highway":"primary"},"geometry":{"type":"LineString","coordinates":[[78.18652,26.24474],[78.18602,26.245]]}},{"type":"Feature","properties":{"highway":"primary"},"geometry":{"type":"LineString","coordinates":[[78.18588,26.24509],[78.18535,26.24538]]}},{"type":"Feature","properties":{"highway":"primary"},"geometry":{"type":"LineString","coordinates":[[78.18513,26.24552],[78.18538,26.24542]]}},{"type":"Feature","properties":{"highway":"primary"},"geometry":{"type":"LineString","coordinates":[[78.18538,26.24542],[78.18591,26.24514]]}},{"type":"Feature","properties":{},"geometry":{"type":"LineString","coordinates":[[78.18035,26.2387],[78.18037,26.23877],[78.1807,26.23949],[78.18097,26.23998],[78.18115,26.24035],[78.18166,26.24083],[78.18192,26.24102]]}},{"type":"Feature","properties":{},"geometry":{"type":"LineString","coordinates":[[78.18207,26.24121],[78.18278,26.24183],[78.18333,26.24224],[78.18433,26.2431],[78.1851,26.24393],[78.18589,26.24502]]}},{"type":"Feature","properties":{},"geometry":{"type":"LineString","coordinates":[[78.18599,26.24516],[78.18614,26.24539]]}},{"type":"Feature","properties":{},"geometry":{"type":"LineString","coordinates":[[78.1862,26.24536],[78.18605,26.24513]]}},{"type":"Feature","properties":{"highway":"primary"},"geometry":{"type":"LineString","coordinates":[[78.18667,26.24469],[78.18652,26.24474]]}},{"type":"Feature","properties":{"highway":"primary"},"geometry":{"type":"LineString","coordinates":[[78.18655,26.24478],[78.18667,26.24469]]}},{"type":"Feature","properties":{"highway":"primary"},"geometry":{"type":"LineString","coordinates":[[78.18535,26.24538],[78.18513,26.24552]]}},{"type":"Feature","properties":{},"geometry":{"type":"LineString","coordinates":[[78.18614,26.24539],[78.18624,26.24548]]}},{"type":"Feature","properties":{},"geometry":{"type":"LineString","coordinates":[[78.18624,26.24548],[78.1862,26.24536]]}},{"type":"Feature","properties":{},"geometry":{"type":"LineString","coordinates":[[78.18192,26.24102],[78.18207,26.24121]]}},{"type":"Feature","properties":{},"geometry":{"type":"LineString","coordinates":[[78.18213,26.24117],[78.18192,26.24102]]}},{"type":"Feature","properties":{},"geometry":{"type":"LineString","coordinates":[[78.18209,26.21328],[78.1823,26.2133]]}},{"type":"Feature","properties":{},"geometry":{"type":"LineString","coordinates":[[78.18209,26.21328],[78.18213,26.21372],[78.18213,26.21433],[78.18213,26.21446]]}},{"type":"Feature","properties":{},"geometry":{"type":"LineString","coordinates":[[78.18238,26.21325],[78.18247,26.21322]]}},{"type":"Feature","properties":{},"geometry":{"type":"LineString","coordinates":[[78.18275,26.21319],[78.1835,26.2132],[78.18442,26.21325],[78.18665,26.21342],[78.18717,26.21347]]}},{"type":"Feature","properties":{"highway":"primary"},"geometry":{"type":"LineString","coordinates":[[78.18006,26.20209],[78.18024,26.20237]]}},{"type":"Feature","properties":{"highway":"primary"},"geometry":{"type":"LineString","coordinates":[[78.18024,26.20237],[78.18015,26.20203]]}},{"type":"Feature","properties":{"highway":"primary"},"geometry":{"type":"LineString","coordinates":[[78.17997,26.20196],[78.18006,26.20209]]}},{"type":"Feature","properties":{"highway":"primary"},"geometry":{"type":"LineString","coordinates":[[78.18015,26.20203],[78.18011,26.20191]]}},{"type":"Feature","properties":{"highway":"primary"},"geometry":{"type":"LineString","coordinates":[[78.18633,26.20401],[78.18638,26.20401]]}},{"type":"Feature","properties":{"highway":"primary"},"geometry":{"type":"LineString","coordinates":[[78.18209,26.21447],[78.18197,26.21439]]}},{"type":"Feature","properties":{},"geometry":{"type":"LineString","coordinates":[[78.17757,26.21086],[78.1771,26.21051]]}},{"type":"Feature","properties":{},"geometry":{"type":"LineString","coordinates":[[78.15896,26.20248],[78.15912,26.20259]]}},{"type":"Feature","properties":{},"geometry":{"type":"LineString","coordinates":[[78.15888,26.20243],[78.15896,26.20248]]}},{"type":"Feature","properties":{},"geometry":{"type":"LineString","coordinates":[[78.08793,26.20763],[78.08631,26.20773],[78.08552,26.2078],[78.08379,26.20803],[78.0837,26.20804]]}},{"type":"Feature","properties":{},"geometry":{"type":"LineString","coordinates":[[78.06708,26.2106],[78.06643,26.21066],[78.06609,26.2106],[78.0657,26.21046]]}},{"type":"Feature","properties":{},"geometry":{"type":"LineString","coordinates":[[78.19597,26.25834],[78.20003,26.25902]]}},{"type":"Feature","properties":{},"geometry":{"type":"LineString","coordinates":[[78.19597,26.25834],[78.19597,26.25824]]}},{"type":"Feature","properties":{},"geometry":{"type":"LineString","coordinates":[[78.20005,26.25891],[78.19829,26.25862],[78.19614,26.25828],[78.19597,26.25824]]}},{"type":"Feature","properties":{},"geometry":{"type":"LineString","coordinates":[[78.22153,26.21845],[78.2209,26.21822],[78.22009,26.21774],[78.21974,26.21742],[78.21932,26.21667],[78.21913,26.21644]]}},{"type":"Feature","properties":{},"geometry":{"type":"LineString","coordinates":[[78.21706,26.21662],[78.21638,26.21678],[78.21604,26.2169]]}},{"type":"Feature","properties":{},"geometry":{"type":"LineString","coordinates":[[78.21721,26.21657],[78.21706,26.21662]]}},{"type":"Feature","properties":{},"geometry":{"type":"LineString","coordinates":[[78.21604,26.2169],[78.21609,26.21692],[78.21709,26.21668]]}},{"type":"Feature","properties":{},"geometry":{"type":"LineString","coordinates":[[78.21725,26.21664],[78.21869,26.21634]]}},{"type":"Feature","properties":{},"geometry":{"type":"LineString","coordinates":[[78.21596,26.22314],[78.21545,26.22334],[78.21476,26.22375]]}},{"type":"Feature","properties":{},"geometry":{"type":"LineString","coordinates":[[78.21479,26.22383],[78.21476,26.22375]]}},{"type":"Feature","properties":{},"geometry":{"type":"LineString","coordinates":[[78.21479,26.22383],[78.21504,26.2237],[78.21546,26.22341]]}},{"type":"Feature","properties":{},"geometry":{"type":"LineString","coordinates":[[78.21546,26.22341],[78.21596,26.22314]]}},{"type":"Feature","properties":{},"geometry":{"type":"LineString","coordinates":[[78.15112,26.19453],[78.151,26.19441]]}},{"type":"Feature","properties":{},"geometry":{"type":"LineString","coordinates":[[78.151,26.19441],[78.15105,26.19456]]}},{"type":"Feature","properties":{},"geometry":{"type":"LineString","coordinates":[[78.15037,26.1935],[78.15033,26.19355],[78.15051,26.19394],[78.15079,26.19431]]}},{"type":"Feature","properties":{},"geometry":{"type":"LineString","coordinates":[[78.15092,26.19444],[78.15114,26.19471]]}},{"type":"Feature","properties":{},"geometry":{"type":"LineString","coordinates":[[78.15079,26.19431],[78.15086,26.19438],[78.15092,26.19444]]}},{"type":"Feature","properties":{},"geometry":{"type":"LineString","coordinates":[[78.21162,26.20112],[78.21247,26.20112],[78.21683,26.20085],[78.22229,26.20054],[78.22252,26.20057]]}},{"type":"Feature","properties":{},"geometry":{"type":"LineString","coordinates":[[78.18277,26.19106],[78.18246,26.19119]]}},{"type":"Feature","properties":{},"geometry":{"type":"LineString","coordinates":[[78.15952,26.20981],[78.15995,26.20989]]}},{"type":"Feature","properties":{},"geometry":{"type":"LineString","coordinates":[[78.1626,26.20884],[78.16316,26.20749],[78.16353,26.20706]]}},{"type":"Feature","properties":{},"geometry":{"type":"LineString","coordinates":[[78.16348,26.20701],[78.16313,26.20742],[78.16287,26.20794],[78.16251,26.20883],[78.1623,26.20928]]}},{"type":"Feature","properties":{},"geometry":{"type":"LineString","coordinates":[[78.16239,26.20927],[78.1626,26.20884]]}},{"type":"Feature","properties":{},"geometry":{"type":"LineString","coordinates":[[78.16224,26.20956],[78.16239,26.20927]]}},{"type":"Feature","properties":{},"geometry":{"type":"LineString","coordinates":[[78.16207,26.20971],[78.16224,26.20956]]}},{"type":"Feature","properties":{},"geometry":{"type":"LineString","coordinates":[[78.16174,26.20985],[78.16207,26.20971]]}},{"type":"Feature","properties":{},"geometry":{"type":"LineString","coordinates":[[78.16085,26.20991],[78.16174,26.20985]]}},{"type":"Feature","properties":{},"geometry":{"type":"LineString","coordinates":[[78.16025,26.20991],[78.16085,26.20991]]}},{"type":"Feature","properties":{},"geometry":{"type":"LineString","coordinates":[[78.15995,26.20989],[78.16025,26.20991]]}},{"type":"Feature","properties":{},"geometry":{"type":"LineString","coordinates":[[78.1623,26.20928],[78.16203,26.20963],[78.16172,26.20978],[78.16084,26.20986],[78.15995,26.20985],[78.15917,26.20965]]}},{"type":"Feature","properties":{},"geometry":{"type":"LineString","coordinates":[[78.15917,26.20965],[78.15952,26.20981]]}},{"type":"Feature","properties":{},"geometry":{"type":"LineString","coordinates":[[78.17612,26.2099],[78.17625,26.21002]]}},{"type":"Feature","properties":{},"geometry":{"type":"LineString","coordinates":[[78.17635,26.20995],[78.17612,26.2099]]}},{"type":"Feature","properties":{},"geometry":{"type":"LineString","coordinates":[[78.14894,26.19908],[78.14904,26.199],[78.14909,26.19882],[78.1491,26.19847],[78.14894,26.19814],[78.14879,26.19771],[78.14873,26.19731],[78.14862,26.19699]]}},{"type":"Feature","properties":{},"geometry":{"type":"LineString","coordinates":[[78.21889,26.21639],[78.21907,26.21648]]}},{"type":"Feature","properties":{},"geometry":{"type":"LineString","coordinates":[[78.21907,26.21648],[78.21926,26.21672],[78.21962,26.21736],[78.21997,26.21775],[78.22107,26.21837],[78.22119,26.21842]]}},{"type":"Feature","properties":{},"geometry":{"type":"LineString","coordinates":[[78.21913,26.21644],[78.21893,26.21632]]}},{"type":"Feature","properties":{},"geometry":{"type":"LineString","coordinates":[[78.21893,26.21632],[78.21855,26.21626],[78.21721,26.21657]]}},{"type":"Feature","properties":{},"geometry":{"type":"LineString","coordinates":[[78.14394,26.19568],[78.14384,26.19553],[78.14398,26.19538],[78.14386,26.1947],[78.14374,26.19441],[78.1434,26.1938],[78.14338,26.1937]]}},{"type":"Feature","properties":{},"geometry":{"type":"LineString","coordinates":[[78.14338,26.1937],[78.14346,26.19363],[78.14495,26.19279],[78.14532,26.19249],[78.14561,26.19217],[78.14639,26.19084],[78.14661,26.19054]]}},{"type":"Feature","properties":{},"geometry":{"type":"LineString","coordinates":[[78.14661,26.19054],[78.1468,26.19048],[78.14694,26.19048],[78.14769,26.1904],[78.14923,26.1902],[78.14971,26.1901],[78.14979,26.19008]]}},{"type":"Feature","properties":{"highway":"primary"},"geometry":{"type":"LineString","coordinates":[[78.1463,26.20561],[78.14612,26.20572],[78.14621,26.20583],[78.14638,26.20571],[78.1463,26.20561]]}},{"type":"Feature","properties":{"highway":"primary"},"geometry":{"type":"LineString","coordinates":[[78.14357,26.20581],[78.14364,26.2058],[78.14434,26.20575],[78.14612,26.20572]]}},{"type":"Feature","properties":{"highway":"primary"},"geometry":{"type":"LineString","coordinates":[[78.17721,26.19915],[78.17674,26.19895],[78.17613,26.19873],[78.17498,26.19837],[78.17373,26.19803]]}},{"type":"Feature","properties":{},"geometry":{"type":"LineString","coordinates":[[78.16205,26.20502],[78.16241,26.20557],[78.16299,26.20628],[78.16325,26.20671],[78.16348,26.20701]]}},{"type":"Feature","properties":{},"geometry":{"type":"LineString","coordinates":[[78.16353,26.20706],[78.16398,26.2067]]}},{"type":"Feature","properties":{},"geometry":{"type":"LineString","coordinates":[[78.16392,26.20663],[78.16348,26.20701]]}},{"type":"Feature","properties":{},"geometry":{"type":"LineString","coordinates":[[78.16726,26.21082],[78.16745,26.21084]]}},{"type":"Feature","properties":{"highway":"primary"},"geometry":{"type":"LineString","coordinates":[[78.20713,26.23437],[78.2072,26.23447],[78.20743,26.23517],[78.20777,26.23664],[78.20807,26.23804],[78.2084,26.23972],[78.20901,26.2426],[78.20961,26.24556],[78.2098,26.24661],[78.21002,26.24775],[78.21011,26.24799],[78.21033,26.24826],[78.21064,26.2485],[78.21181,26.24927],[78.21427,26.25091],[78.21517,26.2515],[78.21636,26.25232]]}},{"type":"Feature","properties":{"highway":"primary"},"geometry":{"type":"LineString","coordinates":[[78.18525,26.21706],[78.18591,26.21759],[78.1874,26.21875],[78.18903,26.22006]]}}]}